app,label,total_threads,server_range,client1_range,client2_range,n_clients,protocol,t_checkpoint,t_distribution,t_rewrite,t_total_restore,t_exec,t_restore
histogram-dsm,base_tcp,64,0-63,-,-,0,tcp,[2025-11-29 17:43:24] === Phase 1: checkpoint (dump) with phoenix.sh ===
🚀 Starting histogram-dsm ...
🧪 FFT started with PID 3131727
📦 Dumping with CRIU after 30s warm-up...
No need to swap
This file has 1406250002 bytes of image data, 468750000 pixels
Starting pthreads histogram
DSM detected, using DSM pthread_barrier
Num threads:64, pixels:598564736, iterations:1000, size of thread arg:6176
Thread 0, base=0x75986fa31000 page_size=4096 num_pages=2
Thread 1, base=0x75986fa2f000 page_size=4096 num_pages=2
Thread 2, base=0x75986fa2d000 page_size=4096 num_pages=2
Thread 1: Waiting for haltcode file /tmp/haltcode to continue...
Thread 3, base=0x75986fa2b000 page_size=4096 num_pages=2
Thread 2: Waiting for haltcode file /tmp/haltcode to continue...
Thread 4, base=0x75986fa29000 page_size=4096 num_pages=2
Thread 3: Waiting for haltcode file /tmp/haltcode to continue...
Thread 5, base=0x75986fa27000 page_size=4096 num_pages=2
Thread 6, base=0x75986fa25000 page_size=4096 num_pages=2
Thread 5: Waiting for haltcode file /tmp/haltcode to continue...
Thread 4: Waiting for haltcode file /tmp/haltcode to continue...
Thread 7, base=0x75986fa23000 page_size=4096 num_pages=2
Thread 6: Waiting for haltcode file /tmp/haltcode to continue...
Thread 8, base=0x75986fa21000 page_size=4096 num_pages=2
Thread 7: Waiting for haltcode file /tmp/haltcode to continue...
Thread 9, base=0x75986fa1f000 page_size=4096 num_pages=2
Thread 8: Waiting for haltcode file /tmp/haltcode to continue...
Thread 10, base=0x75986fa1d000 page_size=4096 num_pages=2
Thread 9: Waiting for haltcode file /tmp/haltcode to continue...
Thread 11, base=0x75986fa1b000 page_size=4096 num_pages=2
Thread 10: Waiting for haltcode file /tmp/haltcode to continue...
Thread 12, base=0x75986fa19000 page_size=4096 num_pages=2
Thread 11: Waiting for haltcode file /tmp/haltcode to continue...
Thread 13, base=0x75986fa17000 page_size=4096 num_pages=2
Thread 12: Waiting for haltcode file /tmp/haltcode to continue...
Thread 14, base=0x75986fa15000 page_size=4096 num_pages=2
Thread 13: Waiting for haltcode file /tmp/haltcode to continue...
Thread 15, base=0x75986fa13000 page_size=4096 num_pages=2
Thread 14: Waiting for haltcode file /tmp/haltcode to continue...
Thread 15: Waiting for haltcode file /tmp/haltcode to continue...
Thread 16, base=0x75986f7fe000 page_size=4096 num_pages=2
Thread 17, base=0x75986f7fc000 page_size=4096 num_pages=2
Thread 16: Waiting for haltcode file /tmp/haltcode to continue...
Thread 18, base=0x75986f7fa000 page_size=4096 num_pages=2
Thread 17: Waiting for haltcode file /tmp/haltcode to continue...
Thread 19, base=0x75986f7f8000 page_size=4096 num_pages=2
Thread 18: Waiting for haltcode file /tmp/haltcode to continue...
Thread 20, base=0x75986f7f6000 page_size=4096 num_pages=2
Thread 19: Waiting for haltcode file /tmp/haltcode to continue...
Thread 21, base=0x75986f7f4000 page_size=4096 num_pages=2
Thread 20: Waiting for haltcode file /tmp/haltcode to continue...
Thread 22, base=0x75986f7f2000 page_size=4096 num_pages=2
Thread 21: Waiting for haltcode file /tmp/haltcode to continue...
Thread 23, base=0x75986f7f0000 page_size=4096 num_pages=2
Thread 22: Waiting for haltcode file /tmp/haltcode to continue...
Thread 24, base=0x75986f7ee000 page_size=4096 num_pages=2
Thread 23: Waiting for haltcode file /tmp/haltcode to continue...
Thread 25, base=0x75986f7ec000 page_size=4096 num_pages=2
Thread 24: Waiting for haltcode file /tmp/haltcode to continue...
Thread 26, base=0x75986f7ea000 page_size=4096 num_pages=2
Thread 25: Waiting for haltcode file /tmp/haltcode to continue...
Thread 27, base=0x75986f7e8000 page_size=4096 num_pages=2
Thread 26: Waiting for haltcode file /tmp/haltcode to continue...
Thread 28, base=0x75986f7e6000 page_size=4096 num_pages=2
Thread 27: Waiting for haltcode file /tmp/haltcode to continue...
Thread 29, base=0x75986f7e4000 page_size=4096 num_pages=2
Thread 28: Waiting for haltcode file /tmp/haltcode to continue...
Thread 30, base=0x75986f7e2000 page_size=4096 num_pages=2
Thread 29: Waiting for haltcode file /tmp/haltcode to continue...
Thread 31, base=0x75986f7e0000 page_size=4096 num_pages=2
Thread 30: Waiting for haltcode file /tmp/haltcode to continue...
Thread 32, base=0x75986f7de000 page_size=4096 num_pages=2
Thread 33, base=0x75986f7dc000 page_size=4096 num_pages=2
Thread 34, base=0x75986f7da000 page_size=4096 num_pages=2
Thread 35, base=0x75986f7d8000 page_size=4096 num_pages=2
Thread 36, base=0x75986f7d6000 page_size=4096 num_pages=2
Thread 37, base=0x75986f7d4000 page_size=4096 num_pages=2
Thread 38, base=0x75986f7d2000 page_size=4096 num_pages=2
Thread 39, base=0x75986f7d0000 page_size=4096 num_pages=2
Thread 40, base=0x75986f7ce000 page_size=4096 num_pages=2
Thread 41, base=0x75986f7cc000 page_size=4096 num_pages=2
Thread 42, base=0x75986f7ca000 page_size=4096 num_pages=2
Thread 43, base=0x75986f7c8000 page_size=4096 num_pages=2
Thread 44, base=0x75986f7c6000 page_size=4096 num_pages=2
Thread 45, base=0x75986f7c4000 page_size=4096 num_pages=2
Thread 46, base=0x75986f7c2000 page_size=4096 num_pages=2
Thread 47, base=0x75986f7c0000 page_size=4096 num_pages=2
Thread 48, base=0x75986f7be000 page_size=4096 num_pages=2
Thread 49, base=0x75986f7bc000 page_size=4096 num_pages=2
Thread 50, base=0x75986f7ba000 page_size=4096 num_pages=2
Thread 51, base=0x75986f7b8000 page_size=4096 num_pages=2
Thread 52, base=0x75986f7b6000 page_size=4096 num_pages=2
Thread 53, base=0x75986f7b4000 page_size=4096 num_pages=2
Thread 54, base=0x75986f7b2000 page_size=4096 num_pages=2
Thread 55, base=0x75986f7b0000 page_size=4096 num_pages=2
Thread 56, base=0x75986f7ae000 page_size=4096 num_pages=2
Thread 57, base=0x75986f7ac000 page_size=4096 num_pages=2
Thread 58, base=0x75986f7aa000 page_size=4096 num_pages=2
Thread 59, base=0x75986f7a8000 page_size=4096 num_pages=2
Thread 60, base=0x75986f7a6000 page_size=4096 num_pages=2
Thread 61, base=0x75986f7a4000 page_size=4096 num_pages=2
Thread 62, base=0x75986f7a2000 page_size=4096 num_pages=2
Thread 63, base=0x75986f7a0000 page_size=4096 num_pages=2
Thread 0: Waiting for haltcode file /tmp/haltcode to continue...
Thread 36: Waiting for haltcode file /tmp/haltcode to continue...
Thread 56: Waiting for haltcode file /tmp/haltcode to continue...
Thread 46: Waiting for haltcode file /tmp/haltcode to continue...
Thread 55: Waiting for haltcode file /tmp/haltcode to continue...
Thread 62: Waiting for haltcode file /tmp/haltcode to continue...
Thread 37: Waiting for haltcode file /tmp/haltcode to continue...
Thread 57: Waiting for haltcode file /tmp/haltcode to continue...
Thread 43: Waiting for haltcode file /tmp/haltcode to continue...
Thread 40: Waiting for haltcode file /tmp/haltcode to continue...
Thread 53: Waiting for haltcode file /tmp/haltcode to continue...
Thread 61: Waiting for haltcode file /tmp/haltcode to continue...
Thread 52: Waiting for haltcode file /tmp/haltcode to continue...
Thread 49: Waiting for haltcode file /tmp/haltcode to continue...
Thread 58: Waiting for haltcode file /tmp/haltcode to continue...
Thread 44: Waiting for haltcode file /tmp/haltcode to continue...
Thread 41: Waiting for haltcode file /tmp/haltcode to continue...
Thread 59: Waiting for haltcode file /tmp/haltcode to continue...
Thread 42: Waiting for haltcode file /tmp/haltcode to continue...
Thread 34: Waiting for haltcode file /tmp/haltcode to continue...
Thread 45: Waiting for haltcode file /tmp/haltcode to continue...
Thread 31: Waiting for haltcode file /tmp/haltcode to continue...
Thread 51: Waiting for haltcode file /tmp/haltcode to continue...
Thread 60: Waiting for haltcode file /tmp/haltcode to continue...
Thread 50: Waiting for haltcode file /tmp/haltcode to continue...
Thread 54: Waiting for haltcode file /tmp/haltcode to continue...
Thread 47: Waiting for haltcode file /tmp/haltcode to continue...
Thread 63: Waiting for haltcode file /tmp/haltcode to continue...
Thread 38: Waiting for haltcode file /tmp/haltcode to continue...
Thread 48: Waiting for haltcode file /tmp/haltcode to continue...
Thread 35: Waiting for haltcode file /tmp/haltcode to continue...
Thread 39: Waiting for haltcode file /tmp/haltcode to continue...
Thread 32: Waiting for haltcode file /tmp/haltcode to continue...
Thread 33: Waiting for haltcode file /tmp/haltcode to continue...
✅ Dump completed. Backing up images...
🚚 Transferring app and images to dsm_client...
✅ Transfer complete dsm_client
🚚 Transferring app and images to dsm_client2...
✅ Transfer complete dsm_client2
[2025-11-29 17:43:34] Checkpoint (dump) time: 10.102369229s
10.102369229,[2025-11-29 17:43:34] === Phase 2: snapshot distribution (one-time scp of backup) ===
[2025-11-29 17:43:34] Syncing app dir to client dsm_client...
[2025-11-29 17:43:35] Syncing app dir to client dsm_client2...
[2025-11-29 17:43:36] Distribution (scp app+backup) time: 1.336287696s
1.336287696,[2025-11-29 17:43:36] === Phase: rewrite (thread_filter_ranged.py on all nodes) ===
[2025-11-29 17:43:36] Server: filtering range 0-63
Selected threads (indices 0-63): [3131727, 3131729, 3131730, 3131731, 3131732, 3131733, 3131734, 3131735, 3131736, 3131737, 3131738, 3131739, 3131740, 3131741, 3131742, 3131743, 3131744, 3131745, 3131746, 3131747, 3131748, 3131749, 3131750, 3131751, 3131752, 3131753, 3131754, 3131755, 3131756, 3131757, 3131758, 3131759, 3131760, 3131761, 3131762, 3131763, 3131764, 3131765, 3131766, 3131767, 3131768, 3131769, 3131770, 3131771, 3131772, 3131773, 3131774, 3131775, 3131776, 3131777, 3131778, 3131779, 3131780, 3131781, 3131782, 3131783, 3131784, 3131785, 3131786, 3131787, 3131788, 3131789, 3131790, 3131791]
Old main PID: 3131727
New main PID: 3131727
✅ Injected TC from 3131727 into 3131727
✅ Updated pstree.img with new main PID and filtered threads
Renamed mm-3131727.img -> mm-3131727.img
Renamed ids-3131727.img -> ids-3131727.img
Renamed fs-3131727.img -> fs-3131727.img
Renamed pagemap-3131727.img -> pagemap-3131727.img

✅ Done.
   - New main: 3131727 (core-3131727.img)
   - Threads kept: [3131727, 3131729, 3131730, 3131731, 3131732, 3131733, 3131734, 3131735, 3131736, 3131737, 3131738, 3131739, 3131740, 3131741, 3131742, 3131743, 3131744, 3131745, 3131746, 3131747, 3131748, 3131749, 3131750, 3131751, 3131752, 3131753, 3131754, 3131755, 3131756, 3131757, 3131758, 3131759, 3131760, 3131761, 3131762, 3131763, 3131764, 3131765, 3131766, 3131767, 3131768, 3131769, 3131770, 3131771, 3131772, 3131773, 3131774, 3131775, 3131776, 3131777, 3131778, 3131779, 3131780, 3131781, 3131782, 3131783, 3131784, 3131785, 3131786, 3131787, 3131788, 3131789, 3131790, 3131791]
   - Renamed PID-dependent files
   - Injected TC from old main into new main
[2025-11-29 17:43:36] Rewrite time: .083775438s
.083775438,[2025-11-29 17:43:36] === Phase: restore for config 'base_tcp' (proto=tcp, n_clients=0) ===,
histogram-dsm,base_rdma,64,0-63,-,-,0,rdma,[2025-11-29 17:43:24] === Phase 1: checkpoint (dump) with phoenix.sh ===
🚀 Starting histogram-dsm ...
🧪 FFT started with PID 3131727
📦 Dumping with CRIU after 30s warm-up...
No need to swap
This file has 1406250002 bytes of image data, 468750000 pixels
Starting pthreads histogram
DSM detected, using DSM pthread_barrier
Num threads:64, pixels:598564736, iterations:1000, size of thread arg:6176
Thread 0, base=0x75986fa31000 page_size=4096 num_pages=2
Thread 1, base=0x75986fa2f000 page_size=4096 num_pages=2
Thread 2, base=0x75986fa2d000 page_size=4096 num_pages=2
Thread 1: Waiting for haltcode file /tmp/haltcode to continue...
Thread 3, base=0x75986fa2b000 page_size=4096 num_pages=2
Thread 2: Waiting for haltcode file /tmp/haltcode to continue...
Thread 4, base=0x75986fa29000 page_size=4096 num_pages=2
Thread 3: Waiting for haltcode file /tmp/haltcode to continue...
Thread 5, base=0x75986fa27000 page_size=4096 num_pages=2
Thread 6, base=0x75986fa25000 page_size=4096 num_pages=2
Thread 5: Waiting for haltcode file /tmp/haltcode to continue...
Thread 4: Waiting for haltcode file /tmp/haltcode to continue...
Thread 7, base=0x75986fa23000 page_size=4096 num_pages=2
Thread 6: Waiting for haltcode file /tmp/haltcode to continue...
Thread 8, base=0x75986fa21000 page_size=4096 num_pages=2
Thread 7: Waiting for haltcode file /tmp/haltcode to continue...
Thread 9, base=0x75986fa1f000 page_size=4096 num_pages=2
Thread 8: Waiting for haltcode file /tmp/haltcode to continue...
Thread 10, base=0x75986fa1d000 page_size=4096 num_pages=2
Thread 9: Waiting for haltcode file /tmp/haltcode to continue...
Thread 11, base=0x75986fa1b000 page_size=4096 num_pages=2
Thread 10: Waiting for haltcode file /tmp/haltcode to continue...
Thread 12, base=0x75986fa19000 page_size=4096 num_pages=2
Thread 11: Waiting for haltcode file /tmp/haltcode to continue...
Thread 13, base=0x75986fa17000 page_size=4096 num_pages=2
Thread 12: Waiting for haltcode file /tmp/haltcode to continue...
Thread 14, base=0x75986fa15000 page_size=4096 num_pages=2
Thread 13: Waiting for haltcode file /tmp/haltcode to continue...
Thread 15, base=0x75986fa13000 page_size=4096 num_pages=2
Thread 14: Waiting for haltcode file /tmp/haltcode to continue...
Thread 15: Waiting for haltcode file /tmp/haltcode to continue...
Thread 16, base=0x75986f7fe000 page_size=4096 num_pages=2
Thread 17, base=0x75986f7fc000 page_size=4096 num_pages=2
Thread 16: Waiting for haltcode file /tmp/haltcode to continue...
Thread 18, base=0x75986f7fa000 page_size=4096 num_pages=2
Thread 17: Waiting for haltcode file /tmp/haltcode to continue...
Thread 19, base=0x75986f7f8000 page_size=4096 num_pages=2
Thread 18: Waiting for haltcode file /tmp/haltcode to continue...
Thread 20, base=0x75986f7f6000 page_size=4096 num_pages=2
Thread 19: Waiting for haltcode file /tmp/haltcode to continue...
Thread 21, base=0x75986f7f4000 page_size=4096 num_pages=2
Thread 20: Waiting for haltcode file /tmp/haltcode to continue...
Thread 22, base=0x75986f7f2000 page_size=4096 num_pages=2
Thread 21: Waiting for haltcode file /tmp/haltcode to continue...
Thread 23, base=0x75986f7f0000 page_size=4096 num_pages=2
Thread 22: Waiting for haltcode file /tmp/haltcode to continue...
Thread 24, base=0x75986f7ee000 page_size=4096 num_pages=2
Thread 23: Waiting for haltcode file /tmp/haltcode to continue...
Thread 25, base=0x75986f7ec000 page_size=4096 num_pages=2
Thread 24: Waiting for haltcode file /tmp/haltcode to continue...
Thread 26, base=0x75986f7ea000 page_size=4096 num_pages=2
Thread 25: Waiting for haltcode file /tmp/haltcode to continue...
Thread 27, base=0x75986f7e8000 page_size=4096 num_pages=2
Thread 26: Waiting for haltcode file /tmp/haltcode to continue...
Thread 28, base=0x75986f7e6000 page_size=4096 num_pages=2
Thread 27: Waiting for haltcode file /tmp/haltcode to continue...
Thread 29, base=0x75986f7e4000 page_size=4096 num_pages=2
Thread 28: Waiting for haltcode file /tmp/haltcode to continue...
Thread 30, base=0x75986f7e2000 page_size=4096 num_pages=2
Thread 29: Waiting for haltcode file /tmp/haltcode to continue...
Thread 31, base=0x75986f7e0000 page_size=4096 num_pages=2
Thread 30: Waiting for haltcode file /tmp/haltcode to continue...
Thread 32, base=0x75986f7de000 page_size=4096 num_pages=2
Thread 33, base=0x75986f7dc000 page_size=4096 num_pages=2
Thread 34, base=0x75986f7da000 page_size=4096 num_pages=2
Thread 35, base=0x75986f7d8000 page_size=4096 num_pages=2
Thread 36, base=0x75986f7d6000 page_size=4096 num_pages=2
Thread 37, base=0x75986f7d4000 page_size=4096 num_pages=2
Thread 38, base=0x75986f7d2000 page_size=4096 num_pages=2
Thread 39, base=0x75986f7d0000 page_size=4096 num_pages=2
Thread 40, base=0x75986f7ce000 page_size=4096 num_pages=2
Thread 41, base=0x75986f7cc000 page_size=4096 num_pages=2
Thread 42, base=0x75986f7ca000 page_size=4096 num_pages=2
Thread 43, base=0x75986f7c8000 page_size=4096 num_pages=2
Thread 44, base=0x75986f7c6000 page_size=4096 num_pages=2
Thread 45, base=0x75986f7c4000 page_size=4096 num_pages=2
Thread 46, base=0x75986f7c2000 page_size=4096 num_pages=2
Thread 47, base=0x75986f7c0000 page_size=4096 num_pages=2
Thread 48, base=0x75986f7be000 page_size=4096 num_pages=2
Thread 49, base=0x75986f7bc000 page_size=4096 num_pages=2
Thread 50, base=0x75986f7ba000 page_size=4096 num_pages=2
Thread 51, base=0x75986f7b8000 page_size=4096 num_pages=2
Thread 52, base=0x75986f7b6000 page_size=4096 num_pages=2
Thread 53, base=0x75986f7b4000 page_size=4096 num_pages=2
Thread 54, base=0x75986f7b2000 page_size=4096 num_pages=2
Thread 55, base=0x75986f7b0000 page_size=4096 num_pages=2
Thread 56, base=0x75986f7ae000 page_size=4096 num_pages=2
Thread 57, base=0x75986f7ac000 page_size=4096 num_pages=2
Thread 58, base=0x75986f7aa000 page_size=4096 num_pages=2
Thread 59, base=0x75986f7a8000 page_size=4096 num_pages=2
Thread 60, base=0x75986f7a6000 page_size=4096 num_pages=2
Thread 61, base=0x75986f7a4000 page_size=4096 num_pages=2
Thread 62, base=0x75986f7a2000 page_size=4096 num_pages=2
Thread 63, base=0x75986f7a0000 page_size=4096 num_pages=2
Thread 0: Waiting for haltcode file /tmp/haltcode to continue...
Thread 36: Waiting for haltcode file /tmp/haltcode to continue...
Thread 56: Waiting for haltcode file /tmp/haltcode to continue...
Thread 46: Waiting for haltcode file /tmp/haltcode to continue...
Thread 55: Waiting for haltcode file /tmp/haltcode to continue...
Thread 62: Waiting for haltcode file /tmp/haltcode to continue...
Thread 37: Waiting for haltcode file /tmp/haltcode to continue...
Thread 57: Waiting for haltcode file /tmp/haltcode to continue...
Thread 43: Waiting for haltcode file /tmp/haltcode to continue...
Thread 40: Waiting for haltcode file /tmp/haltcode to continue...
Thread 53: Waiting for haltcode file /tmp/haltcode to continue...
Thread 61: Waiting for haltcode file /tmp/haltcode to continue...
Thread 52: Waiting for haltcode file /tmp/haltcode to continue...
Thread 49: Waiting for haltcode file /tmp/haltcode to continue...
Thread 58: Waiting for haltcode file /tmp/haltcode to continue...
Thread 44: Waiting for haltcode file /tmp/haltcode to continue...
Thread 41: Waiting for haltcode file /tmp/haltcode to continue...
Thread 59: Waiting for haltcode file /tmp/haltcode to continue...
Thread 42: Waiting for haltcode file /tmp/haltcode to continue...
Thread 34: Waiting for haltcode file /tmp/haltcode to continue...
Thread 45: Waiting for haltcode file /tmp/haltcode to continue...
Thread 31: Waiting for haltcode file /tmp/haltcode to continue...
Thread 51: Waiting for haltcode file /tmp/haltcode to continue...
Thread 60: Waiting for haltcode file /tmp/haltcode to continue...
Thread 50: Waiting for haltcode file /tmp/haltcode to continue...
Thread 54: Waiting for haltcode file /tmp/haltcode to continue...
Thread 47: Waiting for haltcode file /tmp/haltcode to continue...
Thread 63: Waiting for haltcode file /tmp/haltcode to continue...
Thread 38: Waiting for haltcode file /tmp/haltcode to continue...
Thread 48: Waiting for haltcode file /tmp/haltcode to continue...
Thread 35: Waiting for haltcode file /tmp/haltcode to continue...
Thread 39: Waiting for haltcode file /tmp/haltcode to continue...
Thread 32: Waiting for haltcode file /tmp/haltcode to continue...
Thread 33: Waiting for haltcode file /tmp/haltcode to continue...
✅ Dump completed. Backing up images...
🚚 Transferring app and images to dsm_client...
✅ Transfer complete dsm_client
🚚 Transferring app and images to dsm_client2...
✅ Transfer complete dsm_client2
[2025-11-29 17:43:34] Checkpoint (dump) time: 10.102369229s
10.102369229,[2025-11-29 17:43:34] === Phase 2: snapshot distribution (one-time scp of backup) ===
[2025-11-29 17:43:34] Syncing app dir to client dsm_client...
[2025-11-29 17:43:35] Syncing app dir to client dsm_client2...
[2025-11-29 17:43:36] Distribution (scp app+backup) time: 1.336287696s
1.336287696,[2025-11-29 17:43:37] === Phase: rewrite (thread_filter_ranged.py on all nodes) ===
[2025-11-29 17:43:37] Server: filtering range 0-63
Selected threads (indices 0-63): [3131727, 3131729, 3131730, 3131731, 3131732, 3131733, 3131734, 3131735, 3131736, 3131737, 3131738, 3131739, 3131740, 3131741, 3131742, 3131743, 3131744, 3131745, 3131746, 3131747, 3131748, 3131749, 3131750, 3131751, 3131752, 3131753, 3131754, 3131755, 3131756, 3131757, 3131758, 3131759, 3131760, 3131761, 3131762, 3131763, 3131764, 3131765, 3131766, 3131767, 3131768, 3131769, 3131770, 3131771, 3131772, 3131773, 3131774, 3131775, 3131776, 3131777, 3131778, 3131779, 3131780, 3131781, 3131782, 3131783, 3131784, 3131785, 3131786, 3131787, 3131788, 3131789, 3131790, 3131791]
Old main PID: 3131727
New main PID: 3131727
✅ Injected TC from 3131727 into 3131727
✅ Updated pstree.img with new main PID and filtered threads
Renamed mm-3131727.img -> mm-3131727.img
Renamed ids-3131727.img -> ids-3131727.img
Renamed fs-3131727.img -> fs-3131727.img
Renamed pagemap-3131727.img -> pagemap-3131727.img

✅ Done.
   - New main: 3131727 (core-3131727.img)
   - Threads kept: [3131727, 3131729, 3131730, 3131731, 3131732, 3131733, 3131734, 3131735, 3131736, 3131737, 3131738, 3131739, 3131740, 3131741, 3131742, 3131743, 3131744, 3131745, 3131746, 3131747, 3131748, 3131749, 3131750, 3131751, 3131752, 3131753, 3131754, 3131755, 3131756, 3131757, 3131758, 3131759, 3131760, 3131761, 3131762, 3131763, 3131764, 3131765, 3131766, 3131767, 3131768, 3131769, 3131770, 3131771, 3131772, 3131773, 3131774, 3131775, 3131776, 3131777, 3131778, 3131779, 3131780, 3131781, 3131782, 3131783, 3131784, 3131785, 3131786, 3131787, 3131788, 3131789, 3131790, 3131791]
   - Renamed PID-dependent files
   - Injected TC from old main into new main
[2025-11-29 17:43:37] Rewrite time: .084537331s
.084537331,[2025-11-29 17:43:37] === Phase: restore for config 'base_rdma' (proto=rdma, n_clients=0) ===,
histogram-dsm,split32_tcp,64,0-31,32-63,-,1,tcp,[2025-11-29 17:43:24] === Phase 1: checkpoint (dump) with phoenix.sh ===
🚀 Starting histogram-dsm ...
🧪 FFT started with PID 3131727
📦 Dumping with CRIU after 30s warm-up...
No need to swap
This file has 1406250002 bytes of image data, 468750000 pixels
Starting pthreads histogram
DSM detected, using DSM pthread_barrier
Num threads:64, pixels:598564736, iterations:1000, size of thread arg:6176
Thread 0, base=0x75986fa31000 page_size=4096 num_pages=2
Thread 1, base=0x75986fa2f000 page_size=4096 num_pages=2
Thread 2, base=0x75986fa2d000 page_size=4096 num_pages=2
Thread 1: Waiting for haltcode file /tmp/haltcode to continue...
Thread 3, base=0x75986fa2b000 page_size=4096 num_pages=2
Thread 2: Waiting for haltcode file /tmp/haltcode to continue...
Thread 4, base=0x75986fa29000 page_size=4096 num_pages=2
Thread 3: Waiting for haltcode file /tmp/haltcode to continue...
Thread 5, base=0x75986fa27000 page_size=4096 num_pages=2
Thread 6, base=0x75986fa25000 page_size=4096 num_pages=2
Thread 5: Waiting for haltcode file /tmp/haltcode to continue...
Thread 4: Waiting for haltcode file /tmp/haltcode to continue...
Thread 7, base=0x75986fa23000 page_size=4096 num_pages=2
Thread 6: Waiting for haltcode file /tmp/haltcode to continue...
Thread 8, base=0x75986fa21000 page_size=4096 num_pages=2
Thread 7: Waiting for haltcode file /tmp/haltcode to continue...
Thread 9, base=0x75986fa1f000 page_size=4096 num_pages=2
Thread 8: Waiting for haltcode file /tmp/haltcode to continue...
Thread 10, base=0x75986fa1d000 page_size=4096 num_pages=2
Thread 9: Waiting for haltcode file /tmp/haltcode to continue...
Thread 11, base=0x75986fa1b000 page_size=4096 num_pages=2
Thread 10: Waiting for haltcode file /tmp/haltcode to continue...
Thread 12, base=0x75986fa19000 page_size=4096 num_pages=2
Thread 11: Waiting for haltcode file /tmp/haltcode to continue...
Thread 13, base=0x75986fa17000 page_size=4096 num_pages=2
Thread 12: Waiting for haltcode file /tmp/haltcode to continue...
Thread 14, base=0x75986fa15000 page_size=4096 num_pages=2
Thread 13: Waiting for haltcode file /tmp/haltcode to continue...
Thread 15, base=0x75986fa13000 page_size=4096 num_pages=2
Thread 14: Waiting for haltcode file /tmp/haltcode to continue...
Thread 15: Waiting for haltcode file /tmp/haltcode to continue...
Thread 16, base=0x75986f7fe000 page_size=4096 num_pages=2
Thread 17, base=0x75986f7fc000 page_size=4096 num_pages=2
Thread 16: Waiting for haltcode file /tmp/haltcode to continue...
Thread 18, base=0x75986f7fa000 page_size=4096 num_pages=2
Thread 17: Waiting for haltcode file /tmp/haltcode to continue...
Thread 19, base=0x75986f7f8000 page_size=4096 num_pages=2
Thread 18: Waiting for haltcode file /tmp/haltcode to continue...
Thread 20, base=0x75986f7f6000 page_size=4096 num_pages=2
Thread 19: Waiting for haltcode file /tmp/haltcode to continue...
Thread 21, base=0x75986f7f4000 page_size=4096 num_pages=2
Thread 20: Waiting for haltcode file /tmp/haltcode to continue...
Thread 22, base=0x75986f7f2000 page_size=4096 num_pages=2
Thread 21: Waiting for haltcode file /tmp/haltcode to continue...
Thread 23, base=0x75986f7f0000 page_size=4096 num_pages=2
Thread 22: Waiting for haltcode file /tmp/haltcode to continue...
Thread 24, base=0x75986f7ee000 page_size=4096 num_pages=2
Thread 23: Waiting for haltcode file /tmp/haltcode to continue...
Thread 25, base=0x75986f7ec000 page_size=4096 num_pages=2
Thread 24: Waiting for haltcode file /tmp/haltcode to continue...
Thread 26, base=0x75986f7ea000 page_size=4096 num_pages=2
Thread 25: Waiting for haltcode file /tmp/haltcode to continue...
Thread 27, base=0x75986f7e8000 page_size=4096 num_pages=2
Thread 26: Waiting for haltcode file /tmp/haltcode to continue...
Thread 28, base=0x75986f7e6000 page_size=4096 num_pages=2
Thread 27: Waiting for haltcode file /tmp/haltcode to continue...
Thread 29, base=0x75986f7e4000 page_size=4096 num_pages=2
Thread 28: Waiting for haltcode file /tmp/haltcode to continue...
Thread 30, base=0x75986f7e2000 page_size=4096 num_pages=2
Thread 29: Waiting for haltcode file /tmp/haltcode to continue...
Thread 31, base=0x75986f7e0000 page_size=4096 num_pages=2
Thread 30: Waiting for haltcode file /tmp/haltcode to continue...
Thread 32, base=0x75986f7de000 page_size=4096 num_pages=2
Thread 33, base=0x75986f7dc000 page_size=4096 num_pages=2
Thread 34, base=0x75986f7da000 page_size=4096 num_pages=2
Thread 35, base=0x75986f7d8000 page_size=4096 num_pages=2
Thread 36, base=0x75986f7d6000 page_size=4096 num_pages=2
Thread 37, base=0x75986f7d4000 page_size=4096 num_pages=2
Thread 38, base=0x75986f7d2000 page_size=4096 num_pages=2
Thread 39, base=0x75986f7d0000 page_size=4096 num_pages=2
Thread 40, base=0x75986f7ce000 page_size=4096 num_pages=2
Thread 41, base=0x75986f7cc000 page_size=4096 num_pages=2
Thread 42, base=0x75986f7ca000 page_size=4096 num_pages=2
Thread 43, base=0x75986f7c8000 page_size=4096 num_pages=2
Thread 44, base=0x75986f7c6000 page_size=4096 num_pages=2
Thread 45, base=0x75986f7c4000 page_size=4096 num_pages=2
Thread 46, base=0x75986f7c2000 page_size=4096 num_pages=2
Thread 47, base=0x75986f7c0000 page_size=4096 num_pages=2
Thread 48, base=0x75986f7be000 page_size=4096 num_pages=2
Thread 49, base=0x75986f7bc000 page_size=4096 num_pages=2
Thread 50, base=0x75986f7ba000 page_size=4096 num_pages=2
Thread 51, base=0x75986f7b8000 page_size=4096 num_pages=2
Thread 52, base=0x75986f7b6000 page_size=4096 num_pages=2
Thread 53, base=0x75986f7b4000 page_size=4096 num_pages=2
Thread 54, base=0x75986f7b2000 page_size=4096 num_pages=2
Thread 55, base=0x75986f7b0000 page_size=4096 num_pages=2
Thread 56, base=0x75986f7ae000 page_size=4096 num_pages=2
Thread 57, base=0x75986f7ac000 page_size=4096 num_pages=2
Thread 58, base=0x75986f7aa000 page_size=4096 num_pages=2
Thread 59, base=0x75986f7a8000 page_size=4096 num_pages=2
Thread 60, base=0x75986f7a6000 page_size=4096 num_pages=2
Thread 61, base=0x75986f7a4000 page_size=4096 num_pages=2
Thread 62, base=0x75986f7a2000 page_size=4096 num_pages=2
Thread 63, base=0x75986f7a0000 page_size=4096 num_pages=2
Thread 0: Waiting for haltcode file /tmp/haltcode to continue...
Thread 36: Waiting for haltcode file /tmp/haltcode to continue...
Thread 56: Waiting for haltcode file /tmp/haltcode to continue...
Thread 46: Waiting for haltcode file /tmp/haltcode to continue...
Thread 55: Waiting for haltcode file /tmp/haltcode to continue...
Thread 62: Waiting for haltcode file /tmp/haltcode to continue...
Thread 37: Waiting for haltcode file /tmp/haltcode to continue...
Thread 57: Waiting for haltcode file /tmp/haltcode to continue...
Thread 43: Waiting for haltcode file /tmp/haltcode to continue...
Thread 40: Waiting for haltcode file /tmp/haltcode to continue...
Thread 53: Waiting for haltcode file /tmp/haltcode to continue...
Thread 61: Waiting for haltcode file /tmp/haltcode to continue...
Thread 52: Waiting for haltcode file /tmp/haltcode to continue...
Thread 49: Waiting for haltcode file /tmp/haltcode to continue...
Thread 58: Waiting for haltcode file /tmp/haltcode to continue...
Thread 44: Waiting for haltcode file /tmp/haltcode to continue...
Thread 41: Waiting for haltcode file /tmp/haltcode to continue...
Thread 59: Waiting for haltcode file /tmp/haltcode to continue...
Thread 42: Waiting for haltcode file /tmp/haltcode to continue...
Thread 34: Waiting for haltcode file /tmp/haltcode to continue...
Thread 45: Waiting for haltcode file /tmp/haltcode to continue...
Thread 31: Waiting for haltcode file /tmp/haltcode to continue...
Thread 51: Waiting for haltcode file /tmp/haltcode to continue...
Thread 60: Waiting for haltcode file /tmp/haltcode to continue...
Thread 50: Waiting for haltcode file /tmp/haltcode to continue...
Thread 54: Waiting for haltcode file /tmp/haltcode to continue...
Thread 47: Waiting for haltcode file /tmp/haltcode to continue...
Thread 63: Waiting for haltcode file /tmp/haltcode to continue...
Thread 38: Waiting for haltcode file /tmp/haltcode to continue...
Thread 48: Waiting for haltcode file /tmp/haltcode to continue...
Thread 35: Waiting for haltcode file /tmp/haltcode to continue...
Thread 39: Waiting for haltcode file /tmp/haltcode to continue...
Thread 32: Waiting for haltcode file /tmp/haltcode to continue...
Thread 33: Waiting for haltcode file /tmp/haltcode to continue...
✅ Dump completed. Backing up images...
🚚 Transferring app and images to dsm_client...
✅ Transfer complete dsm_client
🚚 Transferring app and images to dsm_client2...
✅ Transfer complete dsm_client2
[2025-11-29 17:43:34] Checkpoint (dump) time: 10.102369229s
10.102369229,[2025-11-29 17:43:34] === Phase 2: snapshot distribution (one-time scp of backup) ===
[2025-11-29 17:43:34] Syncing app dir to client dsm_client...
[2025-11-29 17:43:35] Syncing app dir to client dsm_client2...
[2025-11-29 17:43:36] Distribution (scp app+backup) time: 1.336287696s
1.336287696,[2025-11-29 17:43:37] === Phase: rewrite (thread_filter_ranged.py on all nodes) ===
[2025-11-29 17:43:37] Server: filtering range 0-31
Selected threads (indices 0-31): [3131727, 3131729, 3131730, 3131731, 3131732, 3131733, 3131734, 3131735, 3131736, 3131737, 3131738, 3131739, 3131740, 3131741, 3131742, 3131743, 3131744, 3131745, 3131746, 3131747, 3131748, 3131749, 3131750, 3131751, 3131752, 3131753, 3131754, 3131755, 3131756, 3131757, 3131758, 3131759]
Old main PID: 3131727
New main PID: 3131727
✅ Injected TC from 3131727 into 3131727
✅ Updated pstree.img with new main PID and filtered threads
Renamed mm-3131727.img -> mm-3131727.img
Renamed ids-3131727.img -> ids-3131727.img
Renamed fs-3131727.img -> fs-3131727.img
Renamed pagemap-3131727.img -> pagemap-3131727.img
Removed unused core-3131760.img
Removed unused core-3131761.img
Removed unused core-3131762.img
Removed unused core-3131763.img
Removed unused core-3131764.img
Removed unused core-3131765.img
Removed unused core-3131766.img
Removed unused core-3131767.img
Removed unused core-3131768.img
Removed unused core-3131769.img
Removed unused core-3131770.img
Removed unused core-3131771.img
Removed unused core-3131772.img
Removed unused core-3131773.img
Removed unused core-3131774.img
Removed unused core-3131775.img
Removed unused core-3131776.img
Removed unused core-3131777.img
Removed unused core-3131778.img
Removed unused core-3131779.img
Removed unused core-3131780.img
Removed unused core-3131781.img
Removed unused core-3131782.img
Removed unused core-3131783.img
Removed unused core-3131784.img
Removed unused core-3131785.img
Removed unused core-3131786.img
Removed unused core-3131787.img
Removed unused core-3131788.img
Removed unused core-3131789.img
Removed unused core-3131790.img
Removed unused core-3131791.img

✅ Done.
   - New main: 3131727 (core-3131727.img)
   - Threads kept: [3131727, 3131729, 3131730, 3131731, 3131732, 3131733, 3131734, 3131735, 3131736, 3131737, 3131738, 3131739, 3131740, 3131741, 3131742, 3131743, 3131744, 3131745, 3131746, 3131747, 3131748, 3131749, 3131750, 3131751, 3131752, 3131753, 3131754, 3131755, 3131756, 3131757, 3131758, 3131759]
   - Renamed PID-dependent files
   - Injected TC from old main into new main
[2025-11-29 17:43:37] Client1 (dsm_client): filtering range 32-63
[2025-11-29 17:43:38] Rewrite time: .475808021s
.475808021,[2025-11-29 17:43:38] === Phase: restore for config 'split32_tcp' (proto=tcp, n_clients=1) ===,
histogram-dsm,split32_rdma,64,0-31,32-63,-,1,rdma,[2025-11-29 17:43:24] === Phase 1: checkpoint (dump) with phoenix.sh ===
🚀 Starting histogram-dsm ...
🧪 FFT started with PID 3131727
📦 Dumping with CRIU after 30s warm-up...
No need to swap
This file has 1406250002 bytes of image data, 468750000 pixels
Starting pthreads histogram
DSM detected, using DSM pthread_barrier
Num threads:64, pixels:598564736, iterations:1000, size of thread arg:6176
Thread 0, base=0x75986fa31000 page_size=4096 num_pages=2
Thread 1, base=0x75986fa2f000 page_size=4096 num_pages=2
Thread 2, base=0x75986fa2d000 page_size=4096 num_pages=2
Thread 1: Waiting for haltcode file /tmp/haltcode to continue...
Thread 3, base=0x75986fa2b000 page_size=4096 num_pages=2
Thread 2: Waiting for haltcode file /tmp/haltcode to continue...
Thread 4, base=0x75986fa29000 page_size=4096 num_pages=2
Thread 3: Waiting for haltcode file /tmp/haltcode to continue...
Thread 5, base=0x75986fa27000 page_size=4096 num_pages=2
Thread 6, base=0x75986fa25000 page_size=4096 num_pages=2
Thread 5: Waiting for haltcode file /tmp/haltcode to continue...
Thread 4: Waiting for haltcode file /tmp/haltcode to continue...
Thread 7, base=0x75986fa23000 page_size=4096 num_pages=2
Thread 6: Waiting for haltcode file /tmp/haltcode to continue...
Thread 8, base=0x75986fa21000 page_size=4096 num_pages=2
Thread 7: Waiting for haltcode file /tmp/haltcode to continue...
Thread 9, base=0x75986fa1f000 page_size=4096 num_pages=2
Thread 8: Waiting for haltcode file /tmp/haltcode to continue...
Thread 10, base=0x75986fa1d000 page_size=4096 num_pages=2
Thread 9: Waiting for haltcode file /tmp/haltcode to continue...
Thread 11, base=0x75986fa1b000 page_size=4096 num_pages=2
Thread 10: Waiting for haltcode file /tmp/haltcode to continue...
Thread 12, base=0x75986fa19000 page_size=4096 num_pages=2
Thread 11: Waiting for haltcode file /tmp/haltcode to continue...
Thread 13, base=0x75986fa17000 page_size=4096 num_pages=2
Thread 12: Waiting for haltcode file /tmp/haltcode to continue...
Thread 14, base=0x75986fa15000 page_size=4096 num_pages=2
Thread 13: Waiting for haltcode file /tmp/haltcode to continue...
Thread 15, base=0x75986fa13000 page_size=4096 num_pages=2
Thread 14: Waiting for haltcode file /tmp/haltcode to continue...
Thread 15: Waiting for haltcode file /tmp/haltcode to continue...
Thread 16, base=0x75986f7fe000 page_size=4096 num_pages=2
Thread 17, base=0x75986f7fc000 page_size=4096 num_pages=2
Thread 16: Waiting for haltcode file /tmp/haltcode to continue...
Thread 18, base=0x75986f7fa000 page_size=4096 num_pages=2
Thread 17: Waiting for haltcode file /tmp/haltcode to continue...
Thread 19, base=0x75986f7f8000 page_size=4096 num_pages=2
Thread 18: Waiting for haltcode file /tmp/haltcode to continue...
Thread 20, base=0x75986f7f6000 page_size=4096 num_pages=2
Thread 19: Waiting for haltcode file /tmp/haltcode to continue...
Thread 21, base=0x75986f7f4000 page_size=4096 num_pages=2
Thread 20: Waiting for haltcode file /tmp/haltcode to continue...
Thread 22, base=0x75986f7f2000 page_size=4096 num_pages=2
Thread 21: Waiting for haltcode file /tmp/haltcode to continue...
Thread 23, base=0x75986f7f0000 page_size=4096 num_pages=2
Thread 22: Waiting for haltcode file /tmp/haltcode to continue...
Thread 24, base=0x75986f7ee000 page_size=4096 num_pages=2
Thread 23: Waiting for haltcode file /tmp/haltcode to continue...
Thread 25, base=0x75986f7ec000 page_size=4096 num_pages=2
Thread 24: Waiting for haltcode file /tmp/haltcode to continue...
Thread 26, base=0x75986f7ea000 page_size=4096 num_pages=2
Thread 25: Waiting for haltcode file /tmp/haltcode to continue...
Thread 27, base=0x75986f7e8000 page_size=4096 num_pages=2
Thread 26: Waiting for haltcode file /tmp/haltcode to continue...
Thread 28, base=0x75986f7e6000 page_size=4096 num_pages=2
Thread 27: Waiting for haltcode file /tmp/haltcode to continue...
Thread 29, base=0x75986f7e4000 page_size=4096 num_pages=2
Thread 28: Waiting for haltcode file /tmp/haltcode to continue...
Thread 30, base=0x75986f7e2000 page_size=4096 num_pages=2
Thread 29: Waiting for haltcode file /tmp/haltcode to continue...
Thread 31, base=0x75986f7e0000 page_size=4096 num_pages=2
Thread 30: Waiting for haltcode file /tmp/haltcode to continue...
Thread 32, base=0x75986f7de000 page_size=4096 num_pages=2
Thread 33, base=0x75986f7dc000 page_size=4096 num_pages=2
Thread 34, base=0x75986f7da000 page_size=4096 num_pages=2
Thread 35, base=0x75986f7d8000 page_size=4096 num_pages=2
Thread 36, base=0x75986f7d6000 page_size=4096 num_pages=2
Thread 37, base=0x75986f7d4000 page_size=4096 num_pages=2
Thread 38, base=0x75986f7d2000 page_size=4096 num_pages=2
Thread 39, base=0x75986f7d0000 page_size=4096 num_pages=2
Thread 40, base=0x75986f7ce000 page_size=4096 num_pages=2
Thread 41, base=0x75986f7cc000 page_size=4096 num_pages=2
Thread 42, base=0x75986f7ca000 page_size=4096 num_pages=2
Thread 43, base=0x75986f7c8000 page_size=4096 num_pages=2
Thread 44, base=0x75986f7c6000 page_size=4096 num_pages=2
Thread 45, base=0x75986f7c4000 page_size=4096 num_pages=2
Thread 46, base=0x75986f7c2000 page_size=4096 num_pages=2
Thread 47, base=0x75986f7c0000 page_size=4096 num_pages=2
Thread 48, base=0x75986f7be000 page_size=4096 num_pages=2
Thread 49, base=0x75986f7bc000 page_size=4096 num_pages=2
Thread 50, base=0x75986f7ba000 page_size=4096 num_pages=2
Thread 51, base=0x75986f7b8000 page_size=4096 num_pages=2
Thread 52, base=0x75986f7b6000 page_size=4096 num_pages=2
Thread 53, base=0x75986f7b4000 page_size=4096 num_pages=2
Thread 54, base=0x75986f7b2000 page_size=4096 num_pages=2
Thread 55, base=0x75986f7b0000 page_size=4096 num_pages=2
Thread 56, base=0x75986f7ae000 page_size=4096 num_pages=2
Thread 57, base=0x75986f7ac000 page_size=4096 num_pages=2
Thread 58, base=0x75986f7aa000 page_size=4096 num_pages=2
Thread 59, base=0x75986f7a8000 page_size=4096 num_pages=2
Thread 60, base=0x75986f7a6000 page_size=4096 num_pages=2
Thread 61, base=0x75986f7a4000 page_size=4096 num_pages=2
Thread 62, base=0x75986f7a2000 page_size=4096 num_pages=2
Thread 63, base=0x75986f7a0000 page_size=4096 num_pages=2
Thread 0: Waiting for haltcode file /tmp/haltcode to continue...
Thread 36: Waiting for haltcode file /tmp/haltcode to continue...
Thread 56: Waiting for haltcode file /tmp/haltcode to continue...
Thread 46: Waiting for haltcode file /tmp/haltcode to continue...
Thread 55: Waiting for haltcode file /tmp/haltcode to continue...
Thread 62: Waiting for haltcode file /tmp/haltcode to continue...
Thread 37: Waiting for haltcode file /tmp/haltcode to continue...
Thread 57: Waiting for haltcode file /tmp/haltcode to continue...
Thread 43: Waiting for haltcode file /tmp/haltcode to continue...
Thread 40: Waiting for haltcode file /tmp/haltcode to continue...
Thread 53: Waiting for haltcode file /tmp/haltcode to continue...
Thread 61: Waiting for haltcode file /tmp/haltcode to continue...
Thread 52: Waiting for haltcode file /tmp/haltcode to continue...
Thread 49: Waiting for haltcode file /tmp/haltcode to continue...
Thread 58: Waiting for haltcode file /tmp/haltcode to continue...
Thread 44: Waiting for haltcode file /tmp/haltcode to continue...
Thread 41: Waiting for haltcode file /tmp/haltcode to continue...
Thread 59: Waiting for haltcode file /tmp/haltcode to continue...
Thread 42: Waiting for haltcode file /tmp/haltcode to continue...
Thread 34: Waiting for haltcode file /tmp/haltcode to continue...
Thread 45: Waiting for haltcode file /tmp/haltcode to continue...
Thread 31: Waiting for haltcode file /tmp/haltcode to continue...
Thread 51: Waiting for haltcode file /tmp/haltcode to continue...
Thread 60: Waiting for haltcode file /tmp/haltcode to continue...
Thread 50: Waiting for haltcode file /tmp/haltcode to continue...
Thread 54: Waiting for haltcode file /tmp/haltcode to continue...
Thread 47: Waiting for haltcode file /tmp/haltcode to continue...
Thread 63: Waiting for haltcode file /tmp/haltcode to continue...
Thread 38: Waiting for haltcode file /tmp/haltcode to continue...
Thread 48: Waiting for haltcode file /tmp/haltcode to continue...
Thread 35: Waiting for haltcode file /tmp/haltcode to continue...
Thread 39: Waiting for haltcode file /tmp/haltcode to continue...
Thread 32: Waiting for haltcode file /tmp/haltcode to continue...
Thread 33: Waiting for haltcode file /tmp/haltcode to continue...
✅ Dump completed. Backing up images...
🚚 Transferring app and images to dsm_client...
✅ Transfer complete dsm_client
🚚 Transferring app and images to dsm_client2...
✅ Transfer complete dsm_client2
[2025-11-29 17:43:34] Checkpoint (dump) time: 10.102369229s
10.102369229,[2025-11-29 17:43:34] === Phase 2: snapshot distribution (one-time scp of backup) ===
[2025-11-29 17:43:34] Syncing app dir to client dsm_client...
[2025-11-29 17:43:35] Syncing app dir to client dsm_client2...
[2025-11-29 17:43:36] Distribution (scp app+backup) time: 1.336287696s
1.336287696,[2025-11-29 17:43:38] === Phase: rewrite (thread_filter_ranged.py on all nodes) ===
[2025-11-29 17:43:38] Server: filtering range 0-31
Selected threads (indices 0-31): [3131727, 3131729, 3131730, 3131731, 3131732, 3131733, 3131734, 3131735, 3131736, 3131737, 3131738, 3131739, 3131740, 3131741, 3131742, 3131743, 3131744, 3131745, 3131746, 3131747, 3131748, 3131749, 3131750, 3131751, 3131752, 3131753, 3131754, 3131755, 3131756, 3131757, 3131758, 3131759]
Old main PID: 3131727
New main PID: 3131727
✅ Injected TC from 3131727 into 3131727
✅ Updated pstree.img with new main PID and filtered threads
Renamed mm-3131727.img -> mm-3131727.img
Renamed ids-3131727.img -> ids-3131727.img
Renamed fs-3131727.img -> fs-3131727.img
Renamed pagemap-3131727.img -> pagemap-3131727.img
Removed unused core-3131760.img
Removed unused core-3131761.img
Removed unused core-3131762.img
Removed unused core-3131763.img
Removed unused core-3131764.img
Removed unused core-3131765.img
Removed unused core-3131766.img
Removed unused core-3131767.img
Removed unused core-3131768.img
Removed unused core-3131769.img
Removed unused core-3131770.img
Removed unused core-3131771.img
Removed unused core-3131772.img
Removed unused core-3131773.img
Removed unused core-3131774.img
Removed unused core-3131775.img
Removed unused core-3131776.img
Removed unused core-3131777.img
Removed unused core-3131778.img
Removed unused core-3131779.img
Removed unused core-3131780.img
Removed unused core-3131781.img
Removed unused core-3131782.img
Removed unused core-3131783.img
Removed unused core-3131784.img
Removed unused core-3131785.img
Removed unused core-3131786.img
Removed unused core-3131787.img
Removed unused core-3131788.img
Removed unused core-3131789.img
Removed unused core-3131790.img
Removed unused core-3131791.img

✅ Done.
   - New main: 3131727 (core-3131727.img)
   - Threads kept: [3131727, 3131729, 3131730, 3131731, 3131732, 3131733, 3131734, 3131735, 3131736, 3131737, 3131738, 3131739, 3131740, 3131741, 3131742, 3131743, 3131744, 3131745, 3131746, 3131747, 3131748, 3131749, 3131750, 3131751, 3131752, 3131753, 3131754, 3131755, 3131756, 3131757, 3131758, 3131759]
   - Renamed PID-dependent files
   - Injected TC from old main into new main
[2025-11-29 17:43:39] Client1 (dsm_client): filtering range 32-63
[2025-11-29 17:43:39] Rewrite time: .473202715s
.473202715,[2025-11-29 17:43:39] === Phase: restore for config 'split32_rdma' (proto=rdma, n_clients=1) ===,
histogram-dsm,split16_tcp,64,0-15,16-63,-,1,tcp,[2025-11-29 17:43:24] === Phase 1: checkpoint (dump) with phoenix.sh ===
🚀 Starting histogram-dsm ...
🧪 FFT started with PID 3131727
📦 Dumping with CRIU after 30s warm-up...
No need to swap
This file has 1406250002 bytes of image data, 468750000 pixels
Starting pthreads histogram
DSM detected, using DSM pthread_barrier
Num threads:64, pixels:598564736, iterations:1000, size of thread arg:6176
Thread 0, base=0x75986fa31000 page_size=4096 num_pages=2
Thread 1, base=0x75986fa2f000 page_size=4096 num_pages=2
Thread 2, base=0x75986fa2d000 page_size=4096 num_pages=2
Thread 1: Waiting for haltcode file /tmp/haltcode to continue...
Thread 3, base=0x75986fa2b000 page_size=4096 num_pages=2
Thread 2: Waiting for haltcode file /tmp/haltcode to continue...
Thread 4, base=0x75986fa29000 page_size=4096 num_pages=2
Thread 3: Waiting for haltcode file /tmp/haltcode to continue...
Thread 5, base=0x75986fa27000 page_size=4096 num_pages=2
Thread 6, base=0x75986fa25000 page_size=4096 num_pages=2
Thread 5: Waiting for haltcode file /tmp/haltcode to continue...
Thread 4: Waiting for haltcode file /tmp/haltcode to continue...
Thread 7, base=0x75986fa23000 page_size=4096 num_pages=2
Thread 6: Waiting for haltcode file /tmp/haltcode to continue...
Thread 8, base=0x75986fa21000 page_size=4096 num_pages=2
Thread 7: Waiting for haltcode file /tmp/haltcode to continue...
Thread 9, base=0x75986fa1f000 page_size=4096 num_pages=2
Thread 8: Waiting for haltcode file /tmp/haltcode to continue...
Thread 10, base=0x75986fa1d000 page_size=4096 num_pages=2
Thread 9: Waiting for haltcode file /tmp/haltcode to continue...
Thread 11, base=0x75986fa1b000 page_size=4096 num_pages=2
Thread 10: Waiting for haltcode file /tmp/haltcode to continue...
Thread 12, base=0x75986fa19000 page_size=4096 num_pages=2
Thread 11: Waiting for haltcode file /tmp/haltcode to continue...
Thread 13, base=0x75986fa17000 page_size=4096 num_pages=2
Thread 12: Waiting for haltcode file /tmp/haltcode to continue...
Thread 14, base=0x75986fa15000 page_size=4096 num_pages=2
Thread 13: Waiting for haltcode file /tmp/haltcode to continue...
Thread 15, base=0x75986fa13000 page_size=4096 num_pages=2
Thread 14: Waiting for haltcode file /tmp/haltcode to continue...
Thread 15: Waiting for haltcode file /tmp/haltcode to continue...
Thread 16, base=0x75986f7fe000 page_size=4096 num_pages=2
Thread 17, base=0x75986f7fc000 page_size=4096 num_pages=2
Thread 16: Waiting for haltcode file /tmp/haltcode to continue...
Thread 18, base=0x75986f7fa000 page_size=4096 num_pages=2
Thread 17: Waiting for haltcode file /tmp/haltcode to continue...
Thread 19, base=0x75986f7f8000 page_size=4096 num_pages=2
Thread 18: Waiting for haltcode file /tmp/haltcode to continue...
Thread 20, base=0x75986f7f6000 page_size=4096 num_pages=2
Thread 19: Waiting for haltcode file /tmp/haltcode to continue...
Thread 21, base=0x75986f7f4000 page_size=4096 num_pages=2
Thread 20: Waiting for haltcode file /tmp/haltcode to continue...
Thread 22, base=0x75986f7f2000 page_size=4096 num_pages=2
Thread 21: Waiting for haltcode file /tmp/haltcode to continue...
Thread 23, base=0x75986f7f0000 page_size=4096 num_pages=2
Thread 22: Waiting for haltcode file /tmp/haltcode to continue...
Thread 24, base=0x75986f7ee000 page_size=4096 num_pages=2
Thread 23: Waiting for haltcode file /tmp/haltcode to continue...
Thread 25, base=0x75986f7ec000 page_size=4096 num_pages=2
Thread 24: Waiting for haltcode file /tmp/haltcode to continue...
Thread 26, base=0x75986f7ea000 page_size=4096 num_pages=2
Thread 25: Waiting for haltcode file /tmp/haltcode to continue...
Thread 27, base=0x75986f7e8000 page_size=4096 num_pages=2
Thread 26: Waiting for haltcode file /tmp/haltcode to continue...
Thread 28, base=0x75986f7e6000 page_size=4096 num_pages=2
Thread 27: Waiting for haltcode file /tmp/haltcode to continue...
Thread 29, base=0x75986f7e4000 page_size=4096 num_pages=2
Thread 28: Waiting for haltcode file /tmp/haltcode to continue...
Thread 30, base=0x75986f7e2000 page_size=4096 num_pages=2
Thread 29: Waiting for haltcode file /tmp/haltcode to continue...
Thread 31, base=0x75986f7e0000 page_size=4096 num_pages=2
Thread 30: Waiting for haltcode file /tmp/haltcode to continue...
Thread 32, base=0x75986f7de000 page_size=4096 num_pages=2
Thread 33, base=0x75986f7dc000 page_size=4096 num_pages=2
Thread 34, base=0x75986f7da000 page_size=4096 num_pages=2
Thread 35, base=0x75986f7d8000 page_size=4096 num_pages=2
Thread 36, base=0x75986f7d6000 page_size=4096 num_pages=2
Thread 37, base=0x75986f7d4000 page_size=4096 num_pages=2
Thread 38, base=0x75986f7d2000 page_size=4096 num_pages=2
Thread 39, base=0x75986f7d0000 page_size=4096 num_pages=2
Thread 40, base=0x75986f7ce000 page_size=4096 num_pages=2
Thread 41, base=0x75986f7cc000 page_size=4096 num_pages=2
Thread 42, base=0x75986f7ca000 page_size=4096 num_pages=2
Thread 43, base=0x75986f7c8000 page_size=4096 num_pages=2
Thread 44, base=0x75986f7c6000 page_size=4096 num_pages=2
Thread 45, base=0x75986f7c4000 page_size=4096 num_pages=2
Thread 46, base=0x75986f7c2000 page_size=4096 num_pages=2
Thread 47, base=0x75986f7c0000 page_size=4096 num_pages=2
Thread 48, base=0x75986f7be000 page_size=4096 num_pages=2
Thread 49, base=0x75986f7bc000 page_size=4096 num_pages=2
Thread 50, base=0x75986f7ba000 page_size=4096 num_pages=2
Thread 51, base=0x75986f7b8000 page_size=4096 num_pages=2
Thread 52, base=0x75986f7b6000 page_size=4096 num_pages=2
Thread 53, base=0x75986f7b4000 page_size=4096 num_pages=2
Thread 54, base=0x75986f7b2000 page_size=4096 num_pages=2
Thread 55, base=0x75986f7b0000 page_size=4096 num_pages=2
Thread 56, base=0x75986f7ae000 page_size=4096 num_pages=2
Thread 57, base=0x75986f7ac000 page_size=4096 num_pages=2
Thread 58, base=0x75986f7aa000 page_size=4096 num_pages=2
Thread 59, base=0x75986f7a8000 page_size=4096 num_pages=2
Thread 60, base=0x75986f7a6000 page_size=4096 num_pages=2
Thread 61, base=0x75986f7a4000 page_size=4096 num_pages=2
Thread 62, base=0x75986f7a2000 page_size=4096 num_pages=2
Thread 63, base=0x75986f7a0000 page_size=4096 num_pages=2
Thread 0: Waiting for haltcode file /tmp/haltcode to continue...
Thread 36: Waiting for haltcode file /tmp/haltcode to continue...
Thread 56: Waiting for haltcode file /tmp/haltcode to continue...
Thread 46: Waiting for haltcode file /tmp/haltcode to continue...
Thread 55: Waiting for haltcode file /tmp/haltcode to continue...
Thread 62: Waiting for haltcode file /tmp/haltcode to continue...
Thread 37: Waiting for haltcode file /tmp/haltcode to continue...
Thread 57: Waiting for haltcode file /tmp/haltcode to continue...
Thread 43: Waiting for haltcode file /tmp/haltcode to continue...
Thread 40: Waiting for haltcode file /tmp/haltcode to continue...
Thread 53: Waiting for haltcode file /tmp/haltcode to continue...
Thread 61: Waiting for haltcode file /tmp/haltcode to continue...
Thread 52: Waiting for haltcode file /tmp/haltcode to continue...
Thread 49: Waiting for haltcode file /tmp/haltcode to continue...
Thread 58: Waiting for haltcode file /tmp/haltcode to continue...
Thread 44: Waiting for haltcode file /tmp/haltcode to continue...
Thread 41: Waiting for haltcode file /tmp/haltcode to continue...
Thread 59: Waiting for haltcode file /tmp/haltcode to continue...
Thread 42: Waiting for haltcode file /tmp/haltcode to continue...
Thread 34: Waiting for haltcode file /tmp/haltcode to continue...
Thread 45: Waiting for haltcode file /tmp/haltcode to continue...
Thread 31: Waiting for haltcode file /tmp/haltcode to continue...
Thread 51: Waiting for haltcode file /tmp/haltcode to continue...
Thread 60: Waiting for haltcode file /tmp/haltcode to continue...
Thread 50: Waiting for haltcode file /tmp/haltcode to continue...
Thread 54: Waiting for haltcode file /tmp/haltcode to continue...
Thread 47: Waiting for haltcode file /tmp/haltcode to continue...
Thread 63: Waiting for haltcode file /tmp/haltcode to continue...
Thread 38: Waiting for haltcode file /tmp/haltcode to continue...
Thread 48: Waiting for haltcode file /tmp/haltcode to continue...
Thread 35: Waiting for haltcode file /tmp/haltcode to continue...
Thread 39: Waiting for haltcode file /tmp/haltcode to continue...
Thread 32: Waiting for haltcode file /tmp/haltcode to continue...
Thread 33: Waiting for haltcode file /tmp/haltcode to continue...
✅ Dump completed. Backing up images...
🚚 Transferring app and images to dsm_client...
✅ Transfer complete dsm_client
🚚 Transferring app and images to dsm_client2...
✅ Transfer complete dsm_client2
[2025-11-29 17:43:34] Checkpoint (dump) time: 10.102369229s
10.102369229,[2025-11-29 17:43:34] === Phase 2: snapshot distribution (one-time scp of backup) ===
[2025-11-29 17:43:34] Syncing app dir to client dsm_client...
[2025-11-29 17:43:35] Syncing app dir to client dsm_client2...
[2025-11-29 17:43:36] Distribution (scp app+backup) time: 1.336287696s
1.336287696,[2025-11-29 17:43:40] === Phase: rewrite (thread_filter_ranged.py on all nodes) ===
[2025-11-29 17:43:40] Server: filtering range 0-15
Selected threads (indices 0-15): [3131727, 3131729, 3131730, 3131731, 3131732, 3131733, 3131734, 3131735, 3131736, 3131737, 3131738, 3131739, 3131740, 3131741, 3131742, 3131743]
Old main PID: 3131727
New main PID: 3131727
✅ Injected TC from 3131727 into 3131727
✅ Updated pstree.img with new main PID and filtered threads
Renamed mm-3131727.img -> mm-3131727.img
Renamed ids-3131727.img -> ids-3131727.img
Renamed fs-3131727.img -> fs-3131727.img
Renamed pagemap-3131727.img -> pagemap-3131727.img
Removed unused core-3131744.img
Removed unused core-3131745.img
Removed unused core-3131746.img
Removed unused core-3131747.img
Removed unused core-3131748.img
Removed unused core-3131749.img
Removed unused core-3131750.img
Removed unused core-3131751.img
Removed unused core-3131752.img
Removed unused core-3131753.img
Removed unused core-3131754.img
Removed unused core-3131755.img
Removed unused core-3131756.img
Removed unused core-3131757.img
Removed unused core-3131758.img
Removed unused core-3131759.img
Removed unused core-3131760.img
Removed unused core-3131761.img
Removed unused core-3131762.img
Removed unused core-3131763.img
Removed unused core-3131764.img
Removed unused core-3131765.img
Removed unused core-3131766.img
Removed unused core-3131767.img
Removed unused core-3131768.img
Removed unused core-3131769.img
Removed unused core-3131770.img
Removed unused core-3131771.img
Removed unused core-3131772.img
Removed unused core-3131773.img
Removed unused core-3131774.img
Removed unused core-3131775.img
Removed unused core-3131776.img
Removed unused core-3131777.img
Removed unused core-3131778.img
Removed unused core-3131779.img
Removed unused core-3131780.img
Removed unused core-3131781.img
Removed unused core-3131782.img
Removed unused core-3131783.img
Removed unused core-3131784.img
Removed unused core-3131785.img
Removed unused core-3131786.img
Removed unused core-3131787.img
Removed unused core-3131788.img
Removed unused core-3131789.img
Removed unused core-3131790.img
Removed unused core-3131791.img

✅ Done.
   - New main: 3131727 (core-3131727.img)
   - Threads kept: [3131727, 3131729, 3131730, 3131731, 3131732, 3131733, 3131734, 3131735, 3131736, 3131737, 3131738, 3131739, 3131740, 3131741, 3131742, 3131743]
   - Renamed PID-dependent files
   - Injected TC from old main into new main
[2025-11-29 17:43:40] Client1 (dsm_client): filtering range 16-63
[2025-11-29 17:43:40] Rewrite time: .469037665s
.469037665,[2025-11-29 17:43:40] === Phase: restore for config 'split16_tcp' (proto=tcp, n_clients=1) ===,
histogram-dsm,split16_rdma,64,0-15,16-63,-,1,rdma,[2025-11-29 17:43:24] === Phase 1: checkpoint (dump) with phoenix.sh ===
🚀 Starting histogram-dsm ...
🧪 FFT started with PID 3131727
📦 Dumping with CRIU after 30s warm-up...
No need to swap
This file has 1406250002 bytes of image data, 468750000 pixels
Starting pthreads histogram
DSM detected, using DSM pthread_barrier
Num threads:64, pixels:598564736, iterations:1000, size of thread arg:6176
Thread 0, base=0x75986fa31000 page_size=4096 num_pages=2
Thread 1, base=0x75986fa2f000 page_size=4096 num_pages=2
Thread 2, base=0x75986fa2d000 page_size=4096 num_pages=2
Thread 1: Waiting for haltcode file /tmp/haltcode to continue...
Thread 3, base=0x75986fa2b000 page_size=4096 num_pages=2
Thread 2: Waiting for haltcode file /tmp/haltcode to continue...
Thread 4, base=0x75986fa29000 page_size=4096 num_pages=2
Thread 3: Waiting for haltcode file /tmp/haltcode to continue...
Thread 5, base=0x75986fa27000 page_size=4096 num_pages=2
Thread 6, base=0x75986fa25000 page_size=4096 num_pages=2
Thread 5: Waiting for haltcode file /tmp/haltcode to continue...
Thread 4: Waiting for haltcode file /tmp/haltcode to continue...
Thread 7, base=0x75986fa23000 page_size=4096 num_pages=2
Thread 6: Waiting for haltcode file /tmp/haltcode to continue...
Thread 8, base=0x75986fa21000 page_size=4096 num_pages=2
Thread 7: Waiting for haltcode file /tmp/haltcode to continue...
Thread 9, base=0x75986fa1f000 page_size=4096 num_pages=2
Thread 8: Waiting for haltcode file /tmp/haltcode to continue...
Thread 10, base=0x75986fa1d000 page_size=4096 num_pages=2
Thread 9: Waiting for haltcode file /tmp/haltcode to continue...
Thread 11, base=0x75986fa1b000 page_size=4096 num_pages=2
Thread 10: Waiting for haltcode file /tmp/haltcode to continue...
Thread 12, base=0x75986fa19000 page_size=4096 num_pages=2
Thread 11: Waiting for haltcode file /tmp/haltcode to continue...
Thread 13, base=0x75986fa17000 page_size=4096 num_pages=2
Thread 12: Waiting for haltcode file /tmp/haltcode to continue...
Thread 14, base=0x75986fa15000 page_size=4096 num_pages=2
Thread 13: Waiting for haltcode file /tmp/haltcode to continue...
Thread 15, base=0x75986fa13000 page_size=4096 num_pages=2
Thread 14: Waiting for haltcode file /tmp/haltcode to continue...
Thread 15: Waiting for haltcode file /tmp/haltcode to continue...
Thread 16, base=0x75986f7fe000 page_size=4096 num_pages=2
Thread 17, base=0x75986f7fc000 page_size=4096 num_pages=2
Thread 16: Waiting for haltcode file /tmp/haltcode to continue...
Thread 18, base=0x75986f7fa000 page_size=4096 num_pages=2
Thread 17: Waiting for haltcode file /tmp/haltcode to continue...
Thread 19, base=0x75986f7f8000 page_size=4096 num_pages=2
Thread 18: Waiting for haltcode file /tmp/haltcode to continue...
Thread 20, base=0x75986f7f6000 page_size=4096 num_pages=2
Thread 19: Waiting for haltcode file /tmp/haltcode to continue...
Thread 21, base=0x75986f7f4000 page_size=4096 num_pages=2
Thread 20: Waiting for haltcode file /tmp/haltcode to continue...
Thread 22, base=0x75986f7f2000 page_size=4096 num_pages=2
Thread 21: Waiting for haltcode file /tmp/haltcode to continue...
Thread 23, base=0x75986f7f0000 page_size=4096 num_pages=2
Thread 22: Waiting for haltcode file /tmp/haltcode to continue...
Thread 24, base=0x75986f7ee000 page_size=4096 num_pages=2
Thread 23: Waiting for haltcode file /tmp/haltcode to continue...
Thread 25, base=0x75986f7ec000 page_size=4096 num_pages=2
Thread 24: Waiting for haltcode file /tmp/haltcode to continue...
Thread 26, base=0x75986f7ea000 page_size=4096 num_pages=2
Thread 25: Waiting for haltcode file /tmp/haltcode to continue...
Thread 27, base=0x75986f7e8000 page_size=4096 num_pages=2
Thread 26: Waiting for haltcode file /tmp/haltcode to continue...
Thread 28, base=0x75986f7e6000 page_size=4096 num_pages=2
Thread 27: Waiting for haltcode file /tmp/haltcode to continue...
Thread 29, base=0x75986f7e4000 page_size=4096 num_pages=2
Thread 28: Waiting for haltcode file /tmp/haltcode to continue...
Thread 30, base=0x75986f7e2000 page_size=4096 num_pages=2
Thread 29: Waiting for haltcode file /tmp/haltcode to continue...
Thread 31, base=0x75986f7e0000 page_size=4096 num_pages=2
Thread 30: Waiting for haltcode file /tmp/haltcode to continue...
Thread 32, base=0x75986f7de000 page_size=4096 num_pages=2
Thread 33, base=0x75986f7dc000 page_size=4096 num_pages=2
Thread 34, base=0x75986f7da000 page_size=4096 num_pages=2
Thread 35, base=0x75986f7d8000 page_size=4096 num_pages=2
Thread 36, base=0x75986f7d6000 page_size=4096 num_pages=2
Thread 37, base=0x75986f7d4000 page_size=4096 num_pages=2
Thread 38, base=0x75986f7d2000 page_size=4096 num_pages=2
Thread 39, base=0x75986f7d0000 page_size=4096 num_pages=2
Thread 40, base=0x75986f7ce000 page_size=4096 num_pages=2
Thread 41, base=0x75986f7cc000 page_size=4096 num_pages=2
Thread 42, base=0x75986f7ca000 page_size=4096 num_pages=2
Thread 43, base=0x75986f7c8000 page_size=4096 num_pages=2
Thread 44, base=0x75986f7c6000 page_size=4096 num_pages=2
Thread 45, base=0x75986f7c4000 page_size=4096 num_pages=2
Thread 46, base=0x75986f7c2000 page_size=4096 num_pages=2
Thread 47, base=0x75986f7c0000 page_size=4096 num_pages=2
Thread 48, base=0x75986f7be000 page_size=4096 num_pages=2
Thread 49, base=0x75986f7bc000 page_size=4096 num_pages=2
Thread 50, base=0x75986f7ba000 page_size=4096 num_pages=2
Thread 51, base=0x75986f7b8000 page_size=4096 num_pages=2
Thread 52, base=0x75986f7b6000 page_size=4096 num_pages=2
Thread 53, base=0x75986f7b4000 page_size=4096 num_pages=2
Thread 54, base=0x75986f7b2000 page_size=4096 num_pages=2
Thread 55, base=0x75986f7b0000 page_size=4096 num_pages=2
Thread 56, base=0x75986f7ae000 page_size=4096 num_pages=2
Thread 57, base=0x75986f7ac000 page_size=4096 num_pages=2
Thread 58, base=0x75986f7aa000 page_size=4096 num_pages=2
Thread 59, base=0x75986f7a8000 page_size=4096 num_pages=2
Thread 60, base=0x75986f7a6000 page_size=4096 num_pages=2
Thread 61, base=0x75986f7a4000 page_size=4096 num_pages=2
Thread 62, base=0x75986f7a2000 page_size=4096 num_pages=2
Thread 63, base=0x75986f7a0000 page_size=4096 num_pages=2
Thread 0: Waiting for haltcode file /tmp/haltcode to continue...
Thread 36: Waiting for haltcode file /tmp/haltcode to continue...
Thread 56: Waiting for haltcode file /tmp/haltcode to continue...
Thread 46: Waiting for haltcode file /tmp/haltcode to continue...
Thread 55: Waiting for haltcode file /tmp/haltcode to continue...
Thread 62: Waiting for haltcode file /tmp/haltcode to continue...
Thread 37: Waiting for haltcode file /tmp/haltcode to continue...
Thread 57: Waiting for haltcode file /tmp/haltcode to continue...
Thread 43: Waiting for haltcode file /tmp/haltcode to continue...
Thread 40: Waiting for haltcode file /tmp/haltcode to continue...
Thread 53: Waiting for haltcode file /tmp/haltcode to continue...
Thread 61: Waiting for haltcode file /tmp/haltcode to continue...
Thread 52: Waiting for haltcode file /tmp/haltcode to continue...
Thread 49: Waiting for haltcode file /tmp/haltcode to continue...
Thread 58: Waiting for haltcode file /tmp/haltcode to continue...
Thread 44: Waiting for haltcode file /tmp/haltcode to continue...
Thread 41: Waiting for haltcode file /tmp/haltcode to continue...
Thread 59: Waiting for haltcode file /tmp/haltcode to continue...
Thread 42: Waiting for haltcode file /tmp/haltcode to continue...
Thread 34: Waiting for haltcode file /tmp/haltcode to continue...
Thread 45: Waiting for haltcode file /tmp/haltcode to continue...
Thread 31: Waiting for haltcode file /tmp/haltcode to continue...
Thread 51: Waiting for haltcode file /tmp/haltcode to continue...
Thread 60: Waiting for haltcode file /tmp/haltcode to continue...
Thread 50: Waiting for haltcode file /tmp/haltcode to continue...
Thread 54: Waiting for haltcode file /tmp/haltcode to continue...
Thread 47: Waiting for haltcode file /tmp/haltcode to continue...
Thread 63: Waiting for haltcode file /tmp/haltcode to continue...
Thread 38: Waiting for haltcode file /tmp/haltcode to continue...
Thread 48: Waiting for haltcode file /tmp/haltcode to continue...
Thread 35: Waiting for haltcode file /tmp/haltcode to continue...
Thread 39: Waiting for haltcode file /tmp/haltcode to continue...
Thread 32: Waiting for haltcode file /tmp/haltcode to continue...
Thread 33: Waiting for haltcode file /tmp/haltcode to continue...
✅ Dump completed. Backing up images...
🚚 Transferring app and images to dsm_client...
✅ Transfer complete dsm_client
🚚 Transferring app and images to dsm_client2...
✅ Transfer complete dsm_client2
[2025-11-29 17:43:34] Checkpoint (dump) time: 10.102369229s
10.102369229,[2025-11-29 17:43:34] === Phase 2: snapshot distribution (one-time scp of backup) ===
[2025-11-29 17:43:34] Syncing app dir to client dsm_client...
[2025-11-29 17:43:35] Syncing app dir to client dsm_client2...
[2025-11-29 17:43:36] Distribution (scp app+backup) time: 1.336287696s
1.336287696,[2025-11-29 17:43:41] === Phase: rewrite (thread_filter_ranged.py on all nodes) ===
[2025-11-29 17:43:41] Server: filtering range 0-15
Selected threads (indices 0-15): [3131727, 3131729, 3131730, 3131731, 3131732, 3131733, 3131734, 3131735, 3131736, 3131737, 3131738, 3131739, 3131740, 3131741, 3131742, 3131743]
Old main PID: 3131727
New main PID: 3131727
✅ Injected TC from 3131727 into 3131727
✅ Updated pstree.img with new main PID and filtered threads
Renamed mm-3131727.img -> mm-3131727.img
Renamed ids-3131727.img -> ids-3131727.img
Renamed fs-3131727.img -> fs-3131727.img
Renamed pagemap-3131727.img -> pagemap-3131727.img
Removed unused core-3131744.img
Removed unused core-3131745.img
Removed unused core-3131746.img
Removed unused core-3131747.img
Removed unused core-3131748.img
Removed unused core-3131749.img
Removed unused core-3131750.img
Removed unused core-3131751.img
Removed unused core-3131752.img
Removed unused core-3131753.img
Removed unused core-3131754.img
Removed unused core-3131755.img
Removed unused core-3131756.img
Removed unused core-3131757.img
Removed unused core-3131758.img
Removed unused core-3131759.img
Removed unused core-3131760.img
Removed unused core-3131761.img
Removed unused core-3131762.img
Removed unused core-3131763.img
Removed unused core-3131764.img
Removed unused core-3131765.img
Removed unused core-3131766.img
Removed unused core-3131767.img
Removed unused core-3131768.img
Removed unused core-3131769.img
Removed unused core-3131770.img
Removed unused core-3131771.img
Removed unused core-3131772.img
Removed unused core-3131773.img
Removed unused core-3131774.img
Removed unused core-3131775.img
Removed unused core-3131776.img
Removed unused core-3131777.img
Removed unused core-3131778.img
Removed unused core-3131779.img
Removed unused core-3131780.img
Removed unused core-3131781.img
Removed unused core-3131782.img
Removed unused core-3131783.img
Removed unused core-3131784.img
Removed unused core-3131785.img
Removed unused core-3131786.img
Removed unused core-3131787.img
Removed unused core-3131788.img
Removed unused core-3131789.img
Removed unused core-3131790.img
Removed unused core-3131791.img

✅ Done.
   - New main: 3131727 (core-3131727.img)
   - Threads kept: [3131727, 3131729, 3131730, 3131731, 3131732, 3131733, 3131734, 3131735, 3131736, 3131737, 3131738, 3131739, 3131740, 3131741, 3131742, 3131743]
   - Renamed PID-dependent files
   - Injected TC from old main into new main
[2025-11-29 17:43:41] Client1 (dsm_client): filtering range 16-63
[2025-11-29 17:43:41] Rewrite time: .474769802s
.474769802,[2025-11-29 17:43:41] === Phase: restore for config 'split16_rdma' (proto=rdma, n_clients=1) ===,
histogram-dsm,split20_tcp,64,0-19,20-63,-,1,tcp,[2025-11-29 17:43:24] === Phase 1: checkpoint (dump) with phoenix.sh ===
🚀 Starting histogram-dsm ...
🧪 FFT started with PID 3131727
📦 Dumping with CRIU after 30s warm-up...
No need to swap
This file has 1406250002 bytes of image data, 468750000 pixels
Starting pthreads histogram
DSM detected, using DSM pthread_barrier
Num threads:64, pixels:598564736, iterations:1000, size of thread arg:6176
Thread 0, base=0x75986fa31000 page_size=4096 num_pages=2
Thread 1, base=0x75986fa2f000 page_size=4096 num_pages=2
Thread 2, base=0x75986fa2d000 page_size=4096 num_pages=2
Thread 1: Waiting for haltcode file /tmp/haltcode to continue...
Thread 3, base=0x75986fa2b000 page_size=4096 num_pages=2
Thread 2: Waiting for haltcode file /tmp/haltcode to continue...
Thread 4, base=0x75986fa29000 page_size=4096 num_pages=2
Thread 3: Waiting for haltcode file /tmp/haltcode to continue...
Thread 5, base=0x75986fa27000 page_size=4096 num_pages=2
Thread 6, base=0x75986fa25000 page_size=4096 num_pages=2
Thread 5: Waiting for haltcode file /tmp/haltcode to continue...
Thread 4: Waiting for haltcode file /tmp/haltcode to continue...
Thread 7, base=0x75986fa23000 page_size=4096 num_pages=2
Thread 6: Waiting for haltcode file /tmp/haltcode to continue...
Thread 8, base=0x75986fa21000 page_size=4096 num_pages=2
Thread 7: Waiting for haltcode file /tmp/haltcode to continue...
Thread 9, base=0x75986fa1f000 page_size=4096 num_pages=2
Thread 8: Waiting for haltcode file /tmp/haltcode to continue...
Thread 10, base=0x75986fa1d000 page_size=4096 num_pages=2
Thread 9: Waiting for haltcode file /tmp/haltcode to continue...
Thread 11, base=0x75986fa1b000 page_size=4096 num_pages=2
Thread 10: Waiting for haltcode file /tmp/haltcode to continue...
Thread 12, base=0x75986fa19000 page_size=4096 num_pages=2
Thread 11: Waiting for haltcode file /tmp/haltcode to continue...
Thread 13, base=0x75986fa17000 page_size=4096 num_pages=2
Thread 12: Waiting for haltcode file /tmp/haltcode to continue...
Thread 14, base=0x75986fa15000 page_size=4096 num_pages=2
Thread 13: Waiting for haltcode file /tmp/haltcode to continue...
Thread 15, base=0x75986fa13000 page_size=4096 num_pages=2
Thread 14: Waiting for haltcode file /tmp/haltcode to continue...
Thread 15: Waiting for haltcode file /tmp/haltcode to continue...
Thread 16, base=0x75986f7fe000 page_size=4096 num_pages=2
Thread 17, base=0x75986f7fc000 page_size=4096 num_pages=2
Thread 16: Waiting for haltcode file /tmp/haltcode to continue...
Thread 18, base=0x75986f7fa000 page_size=4096 num_pages=2
Thread 17: Waiting for haltcode file /tmp/haltcode to continue...
Thread 19, base=0x75986f7f8000 page_size=4096 num_pages=2
Thread 18: Waiting for haltcode file /tmp/haltcode to continue...
Thread 20, base=0x75986f7f6000 page_size=4096 num_pages=2
Thread 19: Waiting for haltcode file /tmp/haltcode to continue...
Thread 21, base=0x75986f7f4000 page_size=4096 num_pages=2
Thread 20: Waiting for haltcode file /tmp/haltcode to continue...
Thread 22, base=0x75986f7f2000 page_size=4096 num_pages=2
Thread 21: Waiting for haltcode file /tmp/haltcode to continue...
Thread 23, base=0x75986f7f0000 page_size=4096 num_pages=2
Thread 22: Waiting for haltcode file /tmp/haltcode to continue...
Thread 24, base=0x75986f7ee000 page_size=4096 num_pages=2
Thread 23: Waiting for haltcode file /tmp/haltcode to continue...
Thread 25, base=0x75986f7ec000 page_size=4096 num_pages=2
Thread 24: Waiting for haltcode file /tmp/haltcode to continue...
Thread 26, base=0x75986f7ea000 page_size=4096 num_pages=2
Thread 25: Waiting for haltcode file /tmp/haltcode to continue...
Thread 27, base=0x75986f7e8000 page_size=4096 num_pages=2
Thread 26: Waiting for haltcode file /tmp/haltcode to continue...
Thread 28, base=0x75986f7e6000 page_size=4096 num_pages=2
Thread 27: Waiting for haltcode file /tmp/haltcode to continue...
Thread 29, base=0x75986f7e4000 page_size=4096 num_pages=2
Thread 28: Waiting for haltcode file /tmp/haltcode to continue...
Thread 30, base=0x75986f7e2000 page_size=4096 num_pages=2
Thread 29: Waiting for haltcode file /tmp/haltcode to continue...
Thread 31, base=0x75986f7e0000 page_size=4096 num_pages=2
Thread 30: Waiting for haltcode file /tmp/haltcode to continue...
Thread 32, base=0x75986f7de000 page_size=4096 num_pages=2
Thread 33, base=0x75986f7dc000 page_size=4096 num_pages=2
Thread 34, base=0x75986f7da000 page_size=4096 num_pages=2
Thread 35, base=0x75986f7d8000 page_size=4096 num_pages=2
Thread 36, base=0x75986f7d6000 page_size=4096 num_pages=2
Thread 37, base=0x75986f7d4000 page_size=4096 num_pages=2
Thread 38, base=0x75986f7d2000 page_size=4096 num_pages=2
Thread 39, base=0x75986f7d0000 page_size=4096 num_pages=2
Thread 40, base=0x75986f7ce000 page_size=4096 num_pages=2
Thread 41, base=0x75986f7cc000 page_size=4096 num_pages=2
Thread 42, base=0x75986f7ca000 page_size=4096 num_pages=2
Thread 43, base=0x75986f7c8000 page_size=4096 num_pages=2
Thread 44, base=0x75986f7c6000 page_size=4096 num_pages=2
Thread 45, base=0x75986f7c4000 page_size=4096 num_pages=2
Thread 46, base=0x75986f7c2000 page_size=4096 num_pages=2
Thread 47, base=0x75986f7c0000 page_size=4096 num_pages=2
Thread 48, base=0x75986f7be000 page_size=4096 num_pages=2
Thread 49, base=0x75986f7bc000 page_size=4096 num_pages=2
Thread 50, base=0x75986f7ba000 page_size=4096 num_pages=2
Thread 51, base=0x75986f7b8000 page_size=4096 num_pages=2
Thread 52, base=0x75986f7b6000 page_size=4096 num_pages=2
Thread 53, base=0x75986f7b4000 page_size=4096 num_pages=2
Thread 54, base=0x75986f7b2000 page_size=4096 num_pages=2
Thread 55, base=0x75986f7b0000 page_size=4096 num_pages=2
Thread 56, base=0x75986f7ae000 page_size=4096 num_pages=2
Thread 57, base=0x75986f7ac000 page_size=4096 num_pages=2
Thread 58, base=0x75986f7aa000 page_size=4096 num_pages=2
Thread 59, base=0x75986f7a8000 page_size=4096 num_pages=2
Thread 60, base=0x75986f7a6000 page_size=4096 num_pages=2
Thread 61, base=0x75986f7a4000 page_size=4096 num_pages=2
Thread 62, base=0x75986f7a2000 page_size=4096 num_pages=2
Thread 63, base=0x75986f7a0000 page_size=4096 num_pages=2
Thread 0: Waiting for haltcode file /tmp/haltcode to continue...
Thread 36: Waiting for haltcode file /tmp/haltcode to continue...
Thread 56: Waiting for haltcode file /tmp/haltcode to continue...
Thread 46: Waiting for haltcode file /tmp/haltcode to continue...
Thread 55: Waiting for haltcode file /tmp/haltcode to continue...
Thread 62: Waiting for haltcode file /tmp/haltcode to continue...
Thread 37: Waiting for haltcode file /tmp/haltcode to continue...
Thread 57: Waiting for haltcode file /tmp/haltcode to continue...
Thread 43: Waiting for haltcode file /tmp/haltcode to continue...
Thread 40: Waiting for haltcode file /tmp/haltcode to continue...
Thread 53: Waiting for haltcode file /tmp/haltcode to continue...
Thread 61: Waiting for haltcode file /tmp/haltcode to continue...
Thread 52: Waiting for haltcode file /tmp/haltcode to continue...
Thread 49: Waiting for haltcode file /tmp/haltcode to continue...
Thread 58: Waiting for haltcode file /tmp/haltcode to continue...
Thread 44: Waiting for haltcode file /tmp/haltcode to continue...
Thread 41: Waiting for haltcode file /tmp/haltcode to continue...
Thread 59: Waiting for haltcode file /tmp/haltcode to continue...
Thread 42: Waiting for haltcode file /tmp/haltcode to continue...
Thread 34: Waiting for haltcode file /tmp/haltcode to continue...
Thread 45: Waiting for haltcode file /tmp/haltcode to continue...
Thread 31: Waiting for haltcode file /tmp/haltcode to continue...
Thread 51: Waiting for haltcode file /tmp/haltcode to continue...
Thread 60: Waiting for haltcode file /tmp/haltcode to continue...
Thread 50: Waiting for haltcode file /tmp/haltcode to continue...
Thread 54: Waiting for haltcode file /tmp/haltcode to continue...
Thread 47: Waiting for haltcode file /tmp/haltcode to continue...
Thread 63: Waiting for haltcode file /tmp/haltcode to continue...
Thread 38: Waiting for haltcode file /tmp/haltcode to continue...
Thread 48: Waiting for haltcode file /tmp/haltcode to continue...
Thread 35: Waiting for haltcode file /tmp/haltcode to continue...
Thread 39: Waiting for haltcode file /tmp/haltcode to continue...
Thread 32: Waiting for haltcode file /tmp/haltcode to continue...
Thread 33: Waiting for haltcode file /tmp/haltcode to continue...
✅ Dump completed. Backing up images...
🚚 Transferring app and images to dsm_client...
✅ Transfer complete dsm_client
🚚 Transferring app and images to dsm_client2...
✅ Transfer complete dsm_client2
[2025-11-29 17:43:34] Checkpoint (dump) time: 10.102369229s
10.102369229,[2025-11-29 17:43:34] === Phase 2: snapshot distribution (one-time scp of backup) ===
[2025-11-29 17:43:34] Syncing app dir to client dsm_client...
[2025-11-29 17:43:35] Syncing app dir to client dsm_client2...
[2025-11-29 17:43:36] Distribution (scp app+backup) time: 1.336287696s
1.336287696,[2025-11-29 17:43:42] === Phase: rewrite (thread_filter_ranged.py on all nodes) ===
[2025-11-29 17:43:42] Server: filtering range 0-19
Selected threads (indices 0-19): [3131727, 3131729, 3131730, 3131731, 3131732, 3131733, 3131734, 3131735, 3131736, 3131737, 3131738, 3131739, 3131740, 3131741, 3131742, 3131743, 3131744, 3131745, 3131746, 3131747]
Old main PID: 3131727
New main PID: 3131727
✅ Injected TC from 3131727 into 3131727
✅ Updated pstree.img with new main PID and filtered threads
Renamed mm-3131727.img -> mm-3131727.img
Renamed ids-3131727.img -> ids-3131727.img
Renamed fs-3131727.img -> fs-3131727.img
Renamed pagemap-3131727.img -> pagemap-3131727.img
Removed unused core-3131748.img
Removed unused core-3131749.img
Removed unused core-3131750.img
Removed unused core-3131751.img
Removed unused core-3131752.img
Removed unused core-3131753.img
Removed unused core-3131754.img
Removed unused core-3131755.img
Removed unused core-3131756.img
Removed unused core-3131757.img
Removed unused core-3131758.img
Removed unused core-3131759.img
Removed unused core-3131760.img
Removed unused core-3131761.img
Removed unused core-3131762.img
Removed unused core-3131763.img
Removed unused core-3131764.img
Removed unused core-3131765.img
Removed unused core-3131766.img
Removed unused core-3131767.img
Removed unused core-3131768.img
Removed unused core-3131769.img
Removed unused core-3131770.img
Removed unused core-3131771.img
Removed unused core-3131772.img
Removed unused core-3131773.img
Removed unused core-3131774.img
Removed unused core-3131775.img
Removed unused core-3131776.img
Removed unused core-3131777.img
Removed unused core-3131778.img
Removed unused core-3131779.img
Removed unused core-3131780.img
Removed unused core-3131781.img
Removed unused core-3131782.img
Removed unused core-3131783.img
Removed unused core-3131784.img
Removed unused core-3131785.img
Removed unused core-3131786.img
Removed unused core-3131787.img
Removed unused core-3131788.img
Removed unused core-3131789.img
Removed unused core-3131790.img
Removed unused core-3131791.img

✅ Done.
   - New main: 3131727 (core-3131727.img)
   - Threads kept: [3131727, 3131729, 3131730, 3131731, 3131732, 3131733, 3131734, 3131735, 3131736, 3131737, 3131738, 3131739, 3131740, 3131741, 3131742, 3131743, 3131744, 3131745, 3131746, 3131747]
   - Renamed PID-dependent files
   - Injected TC from old main into new main
[2025-11-29 17:43:42] Client1 (dsm_client): filtering range 20-63
[2025-11-29 17:43:42] Rewrite time: .472528787s
.472528787,[2025-11-29 17:43:42] === Phase: restore for config 'split20_tcp' (proto=tcp, n_clients=1) ===,
histogram-dsm,split20_rdma,64,0-19,20-63,-,1,rdma,[2025-11-29 17:43:24] === Phase 1: checkpoint (dump) with phoenix.sh ===
🚀 Starting histogram-dsm ...
🧪 FFT started with PID 3131727
📦 Dumping with CRIU after 30s warm-up...
No need to swap
This file has 1406250002 bytes of image data, 468750000 pixels
Starting pthreads histogram
DSM detected, using DSM pthread_barrier
Num threads:64, pixels:598564736, iterations:1000, size of thread arg:6176
Thread 0, base=0x75986fa31000 page_size=4096 num_pages=2
Thread 1, base=0x75986fa2f000 page_size=4096 num_pages=2
Thread 2, base=0x75986fa2d000 page_size=4096 num_pages=2
Thread 1: Waiting for haltcode file /tmp/haltcode to continue...
Thread 3, base=0x75986fa2b000 page_size=4096 num_pages=2
Thread 2: Waiting for haltcode file /tmp/haltcode to continue...
Thread 4, base=0x75986fa29000 page_size=4096 num_pages=2
Thread 3: Waiting for haltcode file /tmp/haltcode to continue...
Thread 5, base=0x75986fa27000 page_size=4096 num_pages=2
Thread 6, base=0x75986fa25000 page_size=4096 num_pages=2
Thread 5: Waiting for haltcode file /tmp/haltcode to continue...
Thread 4: Waiting for haltcode file /tmp/haltcode to continue...
Thread 7, base=0x75986fa23000 page_size=4096 num_pages=2
Thread 6: Waiting for haltcode file /tmp/haltcode to continue...
Thread 8, base=0x75986fa21000 page_size=4096 num_pages=2
Thread 7: Waiting for haltcode file /tmp/haltcode to continue...
Thread 9, base=0x75986fa1f000 page_size=4096 num_pages=2
Thread 8: Waiting for haltcode file /tmp/haltcode to continue...
Thread 10, base=0x75986fa1d000 page_size=4096 num_pages=2
Thread 9: Waiting for haltcode file /tmp/haltcode to continue...
Thread 11, base=0x75986fa1b000 page_size=4096 num_pages=2
Thread 10: Waiting for haltcode file /tmp/haltcode to continue...
Thread 12, base=0x75986fa19000 page_size=4096 num_pages=2
Thread 11: Waiting for haltcode file /tmp/haltcode to continue...
Thread 13, base=0x75986fa17000 page_size=4096 num_pages=2
Thread 12: Waiting for haltcode file /tmp/haltcode to continue...
Thread 14, base=0x75986fa15000 page_size=4096 num_pages=2
Thread 13: Waiting for haltcode file /tmp/haltcode to continue...
Thread 15, base=0x75986fa13000 page_size=4096 num_pages=2
Thread 14: Waiting for haltcode file /tmp/haltcode to continue...
Thread 15: Waiting for haltcode file /tmp/haltcode to continue...
Thread 16, base=0x75986f7fe000 page_size=4096 num_pages=2
Thread 17, base=0x75986f7fc000 page_size=4096 num_pages=2
Thread 16: Waiting for haltcode file /tmp/haltcode to continue...
Thread 18, base=0x75986f7fa000 page_size=4096 num_pages=2
Thread 17: Waiting for haltcode file /tmp/haltcode to continue...
Thread 19, base=0x75986f7f8000 page_size=4096 num_pages=2
Thread 18: Waiting for haltcode file /tmp/haltcode to continue...
Thread 20, base=0x75986f7f6000 page_size=4096 num_pages=2
Thread 19: Waiting for haltcode file /tmp/haltcode to continue...
Thread 21, base=0x75986f7f4000 page_size=4096 num_pages=2
Thread 20: Waiting for haltcode file /tmp/haltcode to continue...
Thread 22, base=0x75986f7f2000 page_size=4096 num_pages=2
Thread 21: Waiting for haltcode file /tmp/haltcode to continue...
Thread 23, base=0x75986f7f0000 page_size=4096 num_pages=2
Thread 22: Waiting for haltcode file /tmp/haltcode to continue...
Thread 24, base=0x75986f7ee000 page_size=4096 num_pages=2
Thread 23: Waiting for haltcode file /tmp/haltcode to continue...
Thread 25, base=0x75986f7ec000 page_size=4096 num_pages=2
Thread 24: Waiting for haltcode file /tmp/haltcode to continue...
Thread 26, base=0x75986f7ea000 page_size=4096 num_pages=2
Thread 25: Waiting for haltcode file /tmp/haltcode to continue...
Thread 27, base=0x75986f7e8000 page_size=4096 num_pages=2
Thread 26: Waiting for haltcode file /tmp/haltcode to continue...
Thread 28, base=0x75986f7e6000 page_size=4096 num_pages=2
Thread 27: Waiting for haltcode file /tmp/haltcode to continue...
Thread 29, base=0x75986f7e4000 page_size=4096 num_pages=2
Thread 28: Waiting for haltcode file /tmp/haltcode to continue...
Thread 30, base=0x75986f7e2000 page_size=4096 num_pages=2
Thread 29: Waiting for haltcode file /tmp/haltcode to continue...
Thread 31, base=0x75986f7e0000 page_size=4096 num_pages=2
Thread 30: Waiting for haltcode file /tmp/haltcode to continue...
Thread 32, base=0x75986f7de000 page_size=4096 num_pages=2
Thread 33, base=0x75986f7dc000 page_size=4096 num_pages=2
Thread 34, base=0x75986f7da000 page_size=4096 num_pages=2
Thread 35, base=0x75986f7d8000 page_size=4096 num_pages=2
Thread 36, base=0x75986f7d6000 page_size=4096 num_pages=2
Thread 37, base=0x75986f7d4000 page_size=4096 num_pages=2
Thread 38, base=0x75986f7d2000 page_size=4096 num_pages=2
Thread 39, base=0x75986f7d0000 page_size=4096 num_pages=2
Thread 40, base=0x75986f7ce000 page_size=4096 num_pages=2
Thread 41, base=0x75986f7cc000 page_size=4096 num_pages=2
Thread 42, base=0x75986f7ca000 page_size=4096 num_pages=2
Thread 43, base=0x75986f7c8000 page_size=4096 num_pages=2
Thread 44, base=0x75986f7c6000 page_size=4096 num_pages=2
Thread 45, base=0x75986f7c4000 page_size=4096 num_pages=2
Thread 46, base=0x75986f7c2000 page_size=4096 num_pages=2
Thread 47, base=0x75986f7c0000 page_size=4096 num_pages=2
Thread 48, base=0x75986f7be000 page_size=4096 num_pages=2
Thread 49, base=0x75986f7bc000 page_size=4096 num_pages=2
Thread 50, base=0x75986f7ba000 page_size=4096 num_pages=2
Thread 51, base=0x75986f7b8000 page_size=4096 num_pages=2
Thread 52, base=0x75986f7b6000 page_size=4096 num_pages=2
Thread 53, base=0x75986f7b4000 page_size=4096 num_pages=2
Thread 54, base=0x75986f7b2000 page_size=4096 num_pages=2
Thread 55, base=0x75986f7b0000 page_size=4096 num_pages=2
Thread 56, base=0x75986f7ae000 page_size=4096 num_pages=2
Thread 57, base=0x75986f7ac000 page_size=4096 num_pages=2
Thread 58, base=0x75986f7aa000 page_size=4096 num_pages=2
Thread 59, base=0x75986f7a8000 page_size=4096 num_pages=2
Thread 60, base=0x75986f7a6000 page_size=4096 num_pages=2
Thread 61, base=0x75986f7a4000 page_size=4096 num_pages=2
Thread 62, base=0x75986f7a2000 page_size=4096 num_pages=2
Thread 63, base=0x75986f7a0000 page_size=4096 num_pages=2
Thread 0: Waiting for haltcode file /tmp/haltcode to continue...
Thread 36: Waiting for haltcode file /tmp/haltcode to continue...
Thread 56: Waiting for haltcode file /tmp/haltcode to continue...
Thread 46: Waiting for haltcode file /tmp/haltcode to continue...
Thread 55: Waiting for haltcode file /tmp/haltcode to continue...
Thread 62: Waiting for haltcode file /tmp/haltcode to continue...
Thread 37: Waiting for haltcode file /tmp/haltcode to continue...
Thread 57: Waiting for haltcode file /tmp/haltcode to continue...
Thread 43: Waiting for haltcode file /tmp/haltcode to continue...
Thread 40: Waiting for haltcode file /tmp/haltcode to continue...
Thread 53: Waiting for haltcode file /tmp/haltcode to continue...
Thread 61: Waiting for haltcode file /tmp/haltcode to continue...
Thread 52: Waiting for haltcode file /tmp/haltcode to continue...
Thread 49: Waiting for haltcode file /tmp/haltcode to continue...
Thread 58: Waiting for haltcode file /tmp/haltcode to continue...
Thread 44: Waiting for haltcode file /tmp/haltcode to continue...
Thread 41: Waiting for haltcode file /tmp/haltcode to continue...
Thread 59: Waiting for haltcode file /tmp/haltcode to continue...
Thread 42: Waiting for haltcode file /tmp/haltcode to continue...
Thread 34: Waiting for haltcode file /tmp/haltcode to continue...
Thread 45: Waiting for haltcode file /tmp/haltcode to continue...
Thread 31: Waiting for haltcode file /tmp/haltcode to continue...
Thread 51: Waiting for haltcode file /tmp/haltcode to continue...
Thread 60: Waiting for haltcode file /tmp/haltcode to continue...
Thread 50: Waiting for haltcode file /tmp/haltcode to continue...
Thread 54: Waiting for haltcode file /tmp/haltcode to continue...
Thread 47: Waiting for haltcode file /tmp/haltcode to continue...
Thread 63: Waiting for haltcode file /tmp/haltcode to continue...
Thread 38: Waiting for haltcode file /tmp/haltcode to continue...
Thread 48: Waiting for haltcode file /tmp/haltcode to continue...
Thread 35: Waiting for haltcode file /tmp/haltcode to continue...
Thread 39: Waiting for haltcode file /tmp/haltcode to continue...
Thread 32: Waiting for haltcode file /tmp/haltcode to continue...
Thread 33: Waiting for haltcode file /tmp/haltcode to continue...
✅ Dump completed. Backing up images...
🚚 Transferring app and images to dsm_client...
✅ Transfer complete dsm_client
🚚 Transferring app and images to dsm_client2...
✅ Transfer complete dsm_client2
[2025-11-29 17:43:34] Checkpoint (dump) time: 10.102369229s
10.102369229,[2025-11-29 17:43:34] === Phase 2: snapshot distribution (one-time scp of backup) ===
[2025-11-29 17:43:34] Syncing app dir to client dsm_client...
[2025-11-29 17:43:35] Syncing app dir to client dsm_client2...
[2025-11-29 17:43:36] Distribution (scp app+backup) time: 1.336287696s
1.336287696,[2025-11-29 17:43:43] === Phase: rewrite (thread_filter_ranged.py on all nodes) ===
[2025-11-29 17:43:43] Server: filtering range 0-19
Selected threads (indices 0-19): [3131727, 3131729, 3131730, 3131731, 3131732, 3131733, 3131734, 3131735, 3131736, 3131737, 3131738, 3131739, 3131740, 3131741, 3131742, 3131743, 3131744, 3131745, 3131746, 3131747]
Old main PID: 3131727
New main PID: 3131727
✅ Injected TC from 3131727 into 3131727
✅ Updated pstree.img with new main PID and filtered threads
Renamed mm-3131727.img -> mm-3131727.img
Renamed ids-3131727.img -> ids-3131727.img
Renamed fs-3131727.img -> fs-3131727.img
Renamed pagemap-3131727.img -> pagemap-3131727.img
Removed unused core-3131748.img
Removed unused core-3131749.img
Removed unused core-3131750.img
Removed unused core-3131751.img
Removed unused core-3131752.img
Removed unused core-3131753.img
Removed unused core-3131754.img
Removed unused core-3131755.img
Removed unused core-3131756.img
Removed unused core-3131757.img
Removed unused core-3131758.img
Removed unused core-3131759.img
Removed unused core-3131760.img
Removed unused core-3131761.img
Removed unused core-3131762.img
Removed unused core-3131763.img
Removed unused core-3131764.img
Removed unused core-3131765.img
Removed unused core-3131766.img
Removed unused core-3131767.img
Removed unused core-3131768.img
Removed unused core-3131769.img
Removed unused core-3131770.img
Removed unused core-3131771.img
Removed unused core-3131772.img
Removed unused core-3131773.img
Removed unused core-3131774.img
Removed unused core-3131775.img
Removed unused core-3131776.img
Removed unused core-3131777.img
Removed unused core-3131778.img
Removed unused core-3131779.img
Removed unused core-3131780.img
Removed unused core-3131781.img
Removed unused core-3131782.img
Removed unused core-3131783.img
Removed unused core-3131784.img
Removed unused core-3131785.img
Removed unused core-3131786.img
Removed unused core-3131787.img
Removed unused core-3131788.img
Removed unused core-3131789.img
Removed unused core-3131790.img
Removed unused core-3131791.img

✅ Done.
   - New main: 3131727 (core-3131727.img)
   - Threads kept: [3131727, 3131729, 3131730, 3131731, 3131732, 3131733, 3131734, 3131735, 3131736, 3131737, 3131738, 3131739, 3131740, 3131741, 3131742, 3131743, 3131744, 3131745, 3131746, 3131747]
   - Renamed PID-dependent files
   - Injected TC from old main into new main
[2025-11-29 17:43:43] Client1 (dsm_client): filtering range 20-63
[2025-11-29 17:43:44] Rewrite time: .473230637s
.473230637,[2025-11-29 17:43:44] === Phase: restore for config 'split20_rdma' (proto=rdma, n_clients=1) ===,
histogram-dsm,base_tcp,64,0-63,-,-,0,tcp,[2025-11-29 17:44:05] === Phase 1: checkpoint (dump) with phoenix.sh ===
🚀 Starting histogram-dsm ...
🧪 FFT started with PID 3132987
📦 Dumping with CRIU after 30s warm-up...
No need to swap
This file has 1406250002 bytes of image data, 468750000 pixels
Starting pthreads histogram
DSM detected, using DSM pthread_barrier
Num threads:64, pixels:598564736, iterations:1000, size of thread arg:6176
Thread 0, base=0x75aa98f92000 page_size=4096 num_pages=2
Thread 1, base=0x75aa98f90000 page_size=4096 num_pages=2
Thread 2, base=0x75aa98f8e000 page_size=4096 num_pages=2
Thread 1: Waiting for haltcode file /tmp/haltcode to continue...
Thread 3, base=0x75aa98f8c000 page_size=4096 num_pages=2
Thread 2: Waiting for haltcode file /tmp/haltcode to continue...
Thread 4, base=0x75aa98f8a000 page_size=4096 num_pages=2
Thread 3: Waiting for haltcode file /tmp/haltcode to continue...
Thread 5, base=0x75aa98f88000 page_size=4096 num_pages=2
Thread 4: Waiting for haltcode file /tmp/haltcode to continue...
Thread 6, base=0x75aa98f86000 page_size=4096 num_pages=2
Thread 5: Waiting for haltcode file /tmp/haltcode to continue...
Thread 7, base=0x75aa98f84000 page_size=4096 num_pages=2
Thread 6: Waiting for haltcode file /tmp/haltcode to continue...
Thread 8, base=0x75aa98f82000 page_size=4096 num_pages=2
Thread 7: Waiting for haltcode file /tmp/haltcode to continue...
Thread 9, base=0x75aa98f80000 page_size=4096 num_pages=2
Thread 8: Waiting for haltcode file /tmp/haltcode to continue...
Thread 10, base=0x75aa98f7e000 page_size=4096 num_pages=2
Thread 9: Waiting for haltcode file /tmp/haltcode to continue...
Thread 11, base=0x75aa98f7c000 page_size=4096 num_pages=2
Thread 10: Waiting for haltcode file /tmp/haltcode to continue...
Thread 12, base=0x75aa98f7a000 page_size=4096 num_pages=2
Thread 11: Waiting for haltcode file /tmp/haltcode to continue...
Thread 13, base=0x75aa98f78000 page_size=4096 num_pages=2
Thread 12: Waiting for haltcode file /tmp/haltcode to continue...
Thread 13: Waiting for haltcode file /tmp/haltcode to continue...
Thread 14, base=0x75aa98f76000 page_size=4096 num_pages=2
Thread 15, base=0x75aa98f74000 page_size=4096 num_pages=2
Thread 14: Waiting for haltcode file /tmp/haltcode to continue...
Thread 16, base=0x75aa98f72000 page_size=4096 num_pages=2
Thread 15: Waiting for haltcode file /tmp/haltcode to continue...
Thread 17, base=0x75aa98f70000 page_size=4096 num_pages=2
Thread 16: Waiting for haltcode file /tmp/haltcode to continue...
Thread 18, base=0x75aa98f6e000 page_size=4096 num_pages=2
Thread 17: Waiting for haltcode file /tmp/haltcode to continue...
Thread 19, base=0x75aa98f6c000 page_size=4096 num_pages=2
Thread 18: Waiting for haltcode file /tmp/haltcode to continue...
Thread 20, base=0x75aa98f6a000 page_size=4096 num_pages=2
Thread 19: Waiting for haltcode file /tmp/haltcode to continue...
Thread 21, base=0x75aa98f68000 page_size=4096 num_pages=2
Thread 20: Waiting for haltcode file /tmp/haltcode to continue...
Thread 22, base=0x75aa98f66000 page_size=4096 num_pages=2
Thread 21: Waiting for haltcode file /tmp/haltcode to continue...
Thread 23, base=0x75aa98f64000 page_size=4096 num_pages=2
Thread 22: Waiting for haltcode file /tmp/haltcode to continue...
Thread 23: Waiting for haltcode file /tmp/haltcode to continue...
Thread 24, base=0x75aa98f62000 page_size=4096 num_pages=2
Thread 25, base=0x75aa98f60000 page_size=4096 num_pages=2
Thread 24: Waiting for haltcode file /tmp/haltcode to continue...
Thread 26, base=0x75aa98f5e000 page_size=4096 num_pages=2
Thread 25: Waiting for haltcode file /tmp/haltcode to continue...
Thread 27, base=0x75aa98f5c000 page_size=4096 num_pages=2
Thread 26: Waiting for haltcode file /tmp/haltcode to continue...
Thread 28, base=0x75aa98f5a000 page_size=4096 num_pages=2
Thread 27: Waiting for haltcode file /tmp/haltcode to continue...
Thread 29, base=0x75aa98f58000 page_size=4096 num_pages=2
Thread 28: Waiting for haltcode file /tmp/haltcode to continue...
Thread 30, base=0x75aa98f56000 page_size=4096 num_pages=2
Thread 29: Waiting for haltcode file /tmp/haltcode to continue...
Thread 31, base=0x75aa98f54000 page_size=4096 num_pages=2
Thread 30: Waiting for haltcode file /tmp/haltcode to continue...
Thread 32, base=0x75aa98f52000 page_size=4096 num_pages=2
Thread 33, base=0x75aa98f50000 page_size=4096 num_pages=2
Thread 34, base=0x75aa98f4e000 page_size=4096 num_pages=2
Thread 35, base=0x75aa98f4c000 page_size=4096 num_pages=2
Thread 36, base=0x75aa98f4a000 page_size=4096 num_pages=2
Thread 37, base=0x75aa98f48000 page_size=4096 num_pages=2
Thread 38, base=0x75aa98f46000 page_size=4096 num_pages=2
Thread 31: Waiting for haltcode file /tmp/haltcode to continue...
Thread 36: Waiting for haltcode file /tmp/haltcode to continue...
Thread 35: Waiting for haltcode file /tmp/haltcode to continue...
Thread 37: Waiting for haltcode file /tmp/haltcode to continue...
Thread 39, base=0x75aa98f44000 page_size=4096 num_pages=2
Thread 40, base=0x75aa98f42000 page_size=4096 num_pages=2
Thread 41, base=0x75aa98f40000 page_size=4096 num_pages=2
Thread 42, base=0x75aa98f3e000 page_size=4096 num_pages=2
Thread 43, base=0x75aa98f3c000 page_size=4096 num_pages=2
Thread 44, base=0x75aa98f3a000 page_size=4096 num_pages=2
Thread 45, base=0x75aa98f38000 page_size=4096 num_pages=2
Thread 46, base=0x75aa98f36000 page_size=4096 num_pages=2
Thread 45: Waiting for haltcode file /tmp/haltcode to continue...
Thread 47, base=0x75aa98f34000 page_size=4096 num_pages=2
Thread 48, base=0x75aa98f32000 page_size=4096 num_pages=2
Thread 49, base=0x75aa98f30000 page_size=4096 num_pages=2
Thread 50, base=0x75aa98f2e000 page_size=4096 num_pages=2
Thread 51, base=0x75aa98f2c000 page_size=4096 num_pages=2
Thread 52, base=0x75aa98f2a000 page_size=4096 num_pages=2
Thread 53, base=0x75aa98f28000 page_size=4096 num_pages=2
Thread 54, base=0x75aa98f26000 page_size=4096 num_pages=2
Thread 55, base=0x75aa98f24000 page_size=4096 num_pages=2
Thread 56, base=0x75aa98f22000 page_size=4096 num_pages=2
Thread 57, base=0x75aa98f20000 page_size=4096 num_pages=2
Thread 40: Waiting for haltcode file /tmp/haltcode to continue...
Thread 42: Waiting for haltcode file /tmp/haltcode to continue...
Thread 48: Waiting for haltcode file /tmp/haltcode to continue...
Thread 51: Waiting for haltcode file /tmp/haltcode to continue...
Thread 57: Waiting for haltcode file /tmp/haltcode to continue...
Thread 58, base=0x75aa98f1e000 page_size=4096 num_pages=2
Thread 50: Waiting for haltcode file /tmp/haltcode to continue...
Thread 47: Waiting for haltcode file /tmp/haltcode to continue...
Thread 49: Waiting for haltcode file /tmp/haltcode to continue...
Thread 56: Waiting for haltcode file /tmp/haltcode to continue...
Thread 59, base=0x75aa98f1c000 page_size=4096 num_pages=2
Thread 60, base=0x75aa98f1a000 page_size=4096 num_pages=2
Thread 61, base=0x75aa98f18000 page_size=4096 num_pages=2
Thread 62, base=0x75aa98f16000 page_size=4096 num_pages=2
Thread 63, base=0x75aa98f14000 page_size=4096 num_pages=2
Thread 0: Waiting for haltcode file /tmp/haltcode to continue...
Thread 34: Waiting for haltcode file /tmp/haltcode to continue...
Thread 53: Waiting for haltcode file /tmp/haltcode to continue...
Thread 41: Waiting for haltcode file /tmp/haltcode to continue...
Thread 39: Waiting for haltcode file /tmp/haltcode to continue...
Thread 59: Waiting for haltcode file /tmp/haltcode to continue...
Thread 61: Waiting for haltcode file /tmp/haltcode to continue...
Thread 38: Waiting for haltcode file /tmp/haltcode to continue...
Thread 55: Waiting for haltcode file /tmp/haltcode to continue...
Thread 43: Waiting for haltcode file /tmp/haltcode to continue...
Thread 54: Waiting for haltcode file /tmp/haltcode to continue...
Thread 52: Waiting for haltcode file /tmp/haltcode to continue...
Thread 60: Waiting for haltcode file /tmp/haltcode to continue...
Thread 32: Waiting for haltcode file /tmp/haltcode to continue...
Thread 46: Waiting for haltcode file /tmp/haltcode to continue...
Thread 44: Waiting for haltcode file /tmp/haltcode to continue...
Thread 63: Waiting for haltcode file /tmp/haltcode to continue...
Thread 58: Waiting for haltcode file /tmp/haltcode to continue...
Thread 62: Waiting for haltcode file /tmp/haltcode to continue...
Thread 33: Waiting for haltcode file /tmp/haltcode to continue...
✅ Dump completed. Backing up images...
🚚 Transferring app and images to dsm_client...
✅ Transfer complete dsm_client
🚚 Transferring app and images to dsm_client2...
✅ Transfer complete dsm_client2
[2025-11-29 17:44:14] Checkpoint (dump) time: 9.580592520s
9.580592520,[2025-11-29 17:44:14] === Phase 2: snapshot distribution (one-time scp of backup) ===
[2025-11-29 17:44:14] Syncing app dir to client dsm_client...
[2025-11-29 17:44:15] Syncing app dir to client dsm_client2...
[2025-11-29 17:44:16] Distribution (scp app+backup) time: 1.337330263s
1.337330263,[2025-11-29 17:44:16] === Phase: rewrite (thread_filter_ranged.py on all nodes) ===
[2025-11-29 17:44:16] Server: filtering range 0-63
Selected threads (indices 0-63): [3132987, 3132989, 3132990, 3132991, 3132992, 3132993, 3132994, 3132995, 3132996, 3132997, 3132998, 3132999, 3133000, 3133001, 3133002, 3133003, 3133004, 3133005, 3133006, 3133007, 3133008, 3133009, 3133010, 3133011, 3133012, 3133013, 3133014, 3133015, 3133016, 3133017, 3133018, 3133019, 3133020, 3133021, 3133022, 3133023, 3133024, 3133025, 3133026, 3133027, 3133028, 3133029, 3133030, 3133031, 3133032, 3133033, 3133034, 3133035, 3133036, 3133037, 3133038, 3133039, 3133040, 3133041, 3133042, 3133043, 3133044, 3133045, 3133046, 3133047, 3133048, 3133049, 3133050, 3133051]
Old main PID: 3132987
New main PID: 3132987
✅ Injected TC from 3132987 into 3132987
✅ Updated pstree.img with new main PID and filtered threads
Renamed mm-3132987.img -> mm-3132987.img
Renamed ids-3132987.img -> ids-3132987.img
Renamed fs-3132987.img -> fs-3132987.img
Renamed pagemap-3132987.img -> pagemap-3132987.img

✅ Done.
   - New main: 3132987 (core-3132987.img)
   - Threads kept: [3132987, 3132989, 3132990, 3132991, 3132992, 3132993, 3132994, 3132995, 3132996, 3132997, 3132998, 3132999, 3133000, 3133001, 3133002, 3133003, 3133004, 3133005, 3133006, 3133007, 3133008, 3133009, 3133010, 3133011, 3133012, 3133013, 3133014, 3133015, 3133016, 3133017, 3133018, 3133019, 3133020, 3133021, 3133022, 3133023, 3133024, 3133025, 3133026, 3133027, 3133028, 3133029, 3133030, 3133031, 3133032, 3133033, 3133034, 3133035, 3133036, 3133037, 3133038, 3133039, 3133040, 3133041, 3133042, 3133043, 3133044, 3133045, 3133046, 3133047, 3133048, 3133049, 3133050, 3133051]
   - Renamed PID-dependent files
   - Injected TC from old main into new main
[2025-11-29 17:44:16] Rewrite time: .084185420s
.084185420,[2025-11-29 17:44:16] === Phase: restore for config 'base_tcp' (proto=tcp, n_clients=0) ===,
histogram-dsm,base_rdma,64,0-63,-,-,0,rdma,[2025-11-29 17:44:05] === Phase 1: checkpoint (dump) with phoenix.sh ===
🚀 Starting histogram-dsm ...
🧪 FFT started with PID 3132987
📦 Dumping with CRIU after 30s warm-up...
No need to swap
This file has 1406250002 bytes of image data, 468750000 pixels
Starting pthreads histogram
DSM detected, using DSM pthread_barrier
Num threads:64, pixels:598564736, iterations:1000, size of thread arg:6176
Thread 0, base=0x75aa98f92000 page_size=4096 num_pages=2
Thread 1, base=0x75aa98f90000 page_size=4096 num_pages=2
Thread 2, base=0x75aa98f8e000 page_size=4096 num_pages=2
Thread 1: Waiting for haltcode file /tmp/haltcode to continue...
Thread 3, base=0x75aa98f8c000 page_size=4096 num_pages=2
Thread 2: Waiting for haltcode file /tmp/haltcode to continue...
Thread 4, base=0x75aa98f8a000 page_size=4096 num_pages=2
Thread 3: Waiting for haltcode file /tmp/haltcode to continue...
Thread 5, base=0x75aa98f88000 page_size=4096 num_pages=2
Thread 4: Waiting for haltcode file /tmp/haltcode to continue...
Thread 6, base=0x75aa98f86000 page_size=4096 num_pages=2
Thread 5: Waiting for haltcode file /tmp/haltcode to continue...
Thread 7, base=0x75aa98f84000 page_size=4096 num_pages=2
Thread 6: Waiting for haltcode file /tmp/haltcode to continue...
Thread 8, base=0x75aa98f82000 page_size=4096 num_pages=2
Thread 7: Waiting for haltcode file /tmp/haltcode to continue...
Thread 9, base=0x75aa98f80000 page_size=4096 num_pages=2
Thread 8: Waiting for haltcode file /tmp/haltcode to continue...
Thread 10, base=0x75aa98f7e000 page_size=4096 num_pages=2
Thread 9: Waiting for haltcode file /tmp/haltcode to continue...
Thread 11, base=0x75aa98f7c000 page_size=4096 num_pages=2
Thread 10: Waiting for haltcode file /tmp/haltcode to continue...
Thread 12, base=0x75aa98f7a000 page_size=4096 num_pages=2
Thread 11: Waiting for haltcode file /tmp/haltcode to continue...
Thread 13, base=0x75aa98f78000 page_size=4096 num_pages=2
Thread 12: Waiting for haltcode file /tmp/haltcode to continue...
Thread 13: Waiting for haltcode file /tmp/haltcode to continue...
Thread 14, base=0x75aa98f76000 page_size=4096 num_pages=2
Thread 15, base=0x75aa98f74000 page_size=4096 num_pages=2
Thread 14: Waiting for haltcode file /tmp/haltcode to continue...
Thread 16, base=0x75aa98f72000 page_size=4096 num_pages=2
Thread 15: Waiting for haltcode file /tmp/haltcode to continue...
Thread 17, base=0x75aa98f70000 page_size=4096 num_pages=2
Thread 16: Waiting for haltcode file /tmp/haltcode to continue...
Thread 18, base=0x75aa98f6e000 page_size=4096 num_pages=2
Thread 17: Waiting for haltcode file /tmp/haltcode to continue...
Thread 19, base=0x75aa98f6c000 page_size=4096 num_pages=2
Thread 18: Waiting for haltcode file /tmp/haltcode to continue...
Thread 20, base=0x75aa98f6a000 page_size=4096 num_pages=2
Thread 19: Waiting for haltcode file /tmp/haltcode to continue...
Thread 21, base=0x75aa98f68000 page_size=4096 num_pages=2
Thread 20: Waiting for haltcode file /tmp/haltcode to continue...
Thread 22, base=0x75aa98f66000 page_size=4096 num_pages=2
Thread 21: Waiting for haltcode file /tmp/haltcode to continue...
Thread 23, base=0x75aa98f64000 page_size=4096 num_pages=2
Thread 22: Waiting for haltcode file /tmp/haltcode to continue...
Thread 23: Waiting for haltcode file /tmp/haltcode to continue...
Thread 24, base=0x75aa98f62000 page_size=4096 num_pages=2
Thread 25, base=0x75aa98f60000 page_size=4096 num_pages=2
Thread 24: Waiting for haltcode file /tmp/haltcode to continue...
Thread 26, base=0x75aa98f5e000 page_size=4096 num_pages=2
Thread 25: Waiting for haltcode file /tmp/haltcode to continue...
Thread 27, base=0x75aa98f5c000 page_size=4096 num_pages=2
Thread 26: Waiting for haltcode file /tmp/haltcode to continue...
Thread 28, base=0x75aa98f5a000 page_size=4096 num_pages=2
Thread 27: Waiting for haltcode file /tmp/haltcode to continue...
Thread 29, base=0x75aa98f58000 page_size=4096 num_pages=2
Thread 28: Waiting for haltcode file /tmp/haltcode to continue...
Thread 30, base=0x75aa98f56000 page_size=4096 num_pages=2
Thread 29: Waiting for haltcode file /tmp/haltcode to continue...
Thread 31, base=0x75aa98f54000 page_size=4096 num_pages=2
Thread 30: Waiting for haltcode file /tmp/haltcode to continue...
Thread 32, base=0x75aa98f52000 page_size=4096 num_pages=2
Thread 33, base=0x75aa98f50000 page_size=4096 num_pages=2
Thread 34, base=0x75aa98f4e000 page_size=4096 num_pages=2
Thread 35, base=0x75aa98f4c000 page_size=4096 num_pages=2
Thread 36, base=0x75aa98f4a000 page_size=4096 num_pages=2
Thread 37, base=0x75aa98f48000 page_size=4096 num_pages=2
Thread 38, base=0x75aa98f46000 page_size=4096 num_pages=2
Thread 31: Waiting for haltcode file /tmp/haltcode to continue...
Thread 36: Waiting for haltcode file /tmp/haltcode to continue...
Thread 35: Waiting for haltcode file /tmp/haltcode to continue...
Thread 37: Waiting for haltcode file /tmp/haltcode to continue...
Thread 39, base=0x75aa98f44000 page_size=4096 num_pages=2
Thread 40, base=0x75aa98f42000 page_size=4096 num_pages=2
Thread 41, base=0x75aa98f40000 page_size=4096 num_pages=2
Thread 42, base=0x75aa98f3e000 page_size=4096 num_pages=2
Thread 43, base=0x75aa98f3c000 page_size=4096 num_pages=2
Thread 44, base=0x75aa98f3a000 page_size=4096 num_pages=2
Thread 45, base=0x75aa98f38000 page_size=4096 num_pages=2
Thread 46, base=0x75aa98f36000 page_size=4096 num_pages=2
Thread 45: Waiting for haltcode file /tmp/haltcode to continue...
Thread 47, base=0x75aa98f34000 page_size=4096 num_pages=2
Thread 48, base=0x75aa98f32000 page_size=4096 num_pages=2
Thread 49, base=0x75aa98f30000 page_size=4096 num_pages=2
Thread 50, base=0x75aa98f2e000 page_size=4096 num_pages=2
Thread 51, base=0x75aa98f2c000 page_size=4096 num_pages=2
Thread 52, base=0x75aa98f2a000 page_size=4096 num_pages=2
Thread 53, base=0x75aa98f28000 page_size=4096 num_pages=2
Thread 54, base=0x75aa98f26000 page_size=4096 num_pages=2
Thread 55, base=0x75aa98f24000 page_size=4096 num_pages=2
Thread 56, base=0x75aa98f22000 page_size=4096 num_pages=2
Thread 57, base=0x75aa98f20000 page_size=4096 num_pages=2
Thread 40: Waiting for haltcode file /tmp/haltcode to continue...
Thread 42: Waiting for haltcode file /tmp/haltcode to continue...
Thread 48: Waiting for haltcode file /tmp/haltcode to continue...
Thread 51: Waiting for haltcode file /tmp/haltcode to continue...
Thread 57: Waiting for haltcode file /tmp/haltcode to continue...
Thread 58, base=0x75aa98f1e000 page_size=4096 num_pages=2
Thread 50: Waiting for haltcode file /tmp/haltcode to continue...
Thread 47: Waiting for haltcode file /tmp/haltcode to continue...
Thread 49: Waiting for haltcode file /tmp/haltcode to continue...
Thread 56: Waiting for haltcode file /tmp/haltcode to continue...
Thread 59, base=0x75aa98f1c000 page_size=4096 num_pages=2
Thread 60, base=0x75aa98f1a000 page_size=4096 num_pages=2
Thread 61, base=0x75aa98f18000 page_size=4096 num_pages=2
Thread 62, base=0x75aa98f16000 page_size=4096 num_pages=2
Thread 63, base=0x75aa98f14000 page_size=4096 num_pages=2
Thread 0: Waiting for haltcode file /tmp/haltcode to continue...
Thread 34: Waiting for haltcode file /tmp/haltcode to continue...
Thread 53: Waiting for haltcode file /tmp/haltcode to continue...
Thread 41: Waiting for haltcode file /tmp/haltcode to continue...
Thread 39: Waiting for haltcode file /tmp/haltcode to continue...
Thread 59: Waiting for haltcode file /tmp/haltcode to continue...
Thread 61: Waiting for haltcode file /tmp/haltcode to continue...
Thread 38: Waiting for haltcode file /tmp/haltcode to continue...
Thread 55: Waiting for haltcode file /tmp/haltcode to continue...
Thread 43: Waiting for haltcode file /tmp/haltcode to continue...
Thread 54: Waiting for haltcode file /tmp/haltcode to continue...
Thread 52: Waiting for haltcode file /tmp/haltcode to continue...
Thread 60: Waiting for haltcode file /tmp/haltcode to continue...
Thread 32: Waiting for haltcode file /tmp/haltcode to continue...
Thread 46: Waiting for haltcode file /tmp/haltcode to continue...
Thread 44: Waiting for haltcode file /tmp/haltcode to continue...
Thread 63: Waiting for haltcode file /tmp/haltcode to continue...
Thread 58: Waiting for haltcode file /tmp/haltcode to continue...
Thread 62: Waiting for haltcode file /tmp/haltcode to continue...
Thread 33: Waiting for haltcode file /tmp/haltcode to continue...
✅ Dump completed. Backing up images...
🚚 Transferring app and images to dsm_client...
✅ Transfer complete dsm_client
🚚 Transferring app and images to dsm_client2...
✅ Transfer complete dsm_client2
[2025-11-29 17:44:14] Checkpoint (dump) time: 9.580592520s
9.580592520,[2025-11-29 17:44:14] === Phase 2: snapshot distribution (one-time scp of backup) ===
[2025-11-29 17:44:14] Syncing app dir to client dsm_client...
[2025-11-29 17:44:15] Syncing app dir to client dsm_client2...
[2025-11-29 17:44:16] Distribution (scp app+backup) time: 1.337330263s
1.337330263,[2025-11-29 17:44:17] === Phase: rewrite (thread_filter_ranged.py on all nodes) ===
[2025-11-29 17:44:17] Server: filtering range 0-63
Selected threads (indices 0-63): [3132987, 3132989, 3132990, 3132991, 3132992, 3132993, 3132994, 3132995, 3132996, 3132997, 3132998, 3132999, 3133000, 3133001, 3133002, 3133003, 3133004, 3133005, 3133006, 3133007, 3133008, 3133009, 3133010, 3133011, 3133012, 3133013, 3133014, 3133015, 3133016, 3133017, 3133018, 3133019, 3133020, 3133021, 3133022, 3133023, 3133024, 3133025, 3133026, 3133027, 3133028, 3133029, 3133030, 3133031, 3133032, 3133033, 3133034, 3133035, 3133036, 3133037, 3133038, 3133039, 3133040, 3133041, 3133042, 3133043, 3133044, 3133045, 3133046, 3133047, 3133048, 3133049, 3133050, 3133051]
Old main PID: 3132987
New main PID: 3132987
✅ Injected TC from 3132987 into 3132987
✅ Updated pstree.img with new main PID and filtered threads
Renamed mm-3132987.img -> mm-3132987.img
Renamed ids-3132987.img -> ids-3132987.img
Renamed fs-3132987.img -> fs-3132987.img
Renamed pagemap-3132987.img -> pagemap-3132987.img

✅ Done.
   - New main: 3132987 (core-3132987.img)
   - Threads kept: [3132987, 3132989, 3132990, 3132991, 3132992, 3132993, 3132994, 3132995, 3132996, 3132997, 3132998, 3132999, 3133000, 3133001, 3133002, 3133003, 3133004, 3133005, 3133006, 3133007, 3133008, 3133009, 3133010, 3133011, 3133012, 3133013, 3133014, 3133015, 3133016, 3133017, 3133018, 3133019, 3133020, 3133021, 3133022, 3133023, 3133024, 3133025, 3133026, 3133027, 3133028, 3133029, 3133030, 3133031, 3133032, 3133033, 3133034, 3133035, 3133036, 3133037, 3133038, 3133039, 3133040, 3133041, 3133042, 3133043, 3133044, 3133045, 3133046, 3133047, 3133048, 3133049, 3133050, 3133051]
   - Renamed PID-dependent files
   - Injected TC from old main into new main
[2025-11-29 17:44:17] Rewrite time: .084633687s
.084633687,[2025-11-29 17:44:17] === Phase: restore for config 'base_rdma' (proto=rdma, n_clients=0) ===,
histogram-dsm,split32_tcp,64,0-31,32-63,-,1,tcp,[2025-11-29 17:44:05] === Phase 1: checkpoint (dump) with phoenix.sh ===
🚀 Starting histogram-dsm ...
🧪 FFT started with PID 3132987
📦 Dumping with CRIU after 30s warm-up...
No need to swap
This file has 1406250002 bytes of image data, 468750000 pixels
Starting pthreads histogram
DSM detected, using DSM pthread_barrier
Num threads:64, pixels:598564736, iterations:1000, size of thread arg:6176
Thread 0, base=0x75aa98f92000 page_size=4096 num_pages=2
Thread 1, base=0x75aa98f90000 page_size=4096 num_pages=2
Thread 2, base=0x75aa98f8e000 page_size=4096 num_pages=2
Thread 1: Waiting for haltcode file /tmp/haltcode to continue...
Thread 3, base=0x75aa98f8c000 page_size=4096 num_pages=2
Thread 2: Waiting for haltcode file /tmp/haltcode to continue...
Thread 4, base=0x75aa98f8a000 page_size=4096 num_pages=2
Thread 3: Waiting for haltcode file /tmp/haltcode to continue...
Thread 5, base=0x75aa98f88000 page_size=4096 num_pages=2
Thread 4: Waiting for haltcode file /tmp/haltcode to continue...
Thread 6, base=0x75aa98f86000 page_size=4096 num_pages=2
Thread 5: Waiting for haltcode file /tmp/haltcode to continue...
Thread 7, base=0x75aa98f84000 page_size=4096 num_pages=2
Thread 6: Waiting for haltcode file /tmp/haltcode to continue...
Thread 8, base=0x75aa98f82000 page_size=4096 num_pages=2
Thread 7: Waiting for haltcode file /tmp/haltcode to continue...
Thread 9, base=0x75aa98f80000 page_size=4096 num_pages=2
Thread 8: Waiting for haltcode file /tmp/haltcode to continue...
Thread 10, base=0x75aa98f7e000 page_size=4096 num_pages=2
Thread 9: Waiting for haltcode file /tmp/haltcode to continue...
Thread 11, base=0x75aa98f7c000 page_size=4096 num_pages=2
Thread 10: Waiting for haltcode file /tmp/haltcode to continue...
Thread 12, base=0x75aa98f7a000 page_size=4096 num_pages=2
Thread 11: Waiting for haltcode file /tmp/haltcode to continue...
Thread 13, base=0x75aa98f78000 page_size=4096 num_pages=2
Thread 12: Waiting for haltcode file /tmp/haltcode to continue...
Thread 13: Waiting for haltcode file /tmp/haltcode to continue...
Thread 14, base=0x75aa98f76000 page_size=4096 num_pages=2
Thread 15, base=0x75aa98f74000 page_size=4096 num_pages=2
Thread 14: Waiting for haltcode file /tmp/haltcode to continue...
Thread 16, base=0x75aa98f72000 page_size=4096 num_pages=2
Thread 15: Waiting for haltcode file /tmp/haltcode to continue...
Thread 17, base=0x75aa98f70000 page_size=4096 num_pages=2
Thread 16: Waiting for haltcode file /tmp/haltcode to continue...
Thread 18, base=0x75aa98f6e000 page_size=4096 num_pages=2
Thread 17: Waiting for haltcode file /tmp/haltcode to continue...
Thread 19, base=0x75aa98f6c000 page_size=4096 num_pages=2
Thread 18: Waiting for haltcode file /tmp/haltcode to continue...
Thread 20, base=0x75aa98f6a000 page_size=4096 num_pages=2
Thread 19: Waiting for haltcode file /tmp/haltcode to continue...
Thread 21, base=0x75aa98f68000 page_size=4096 num_pages=2
Thread 20: Waiting for haltcode file /tmp/haltcode to continue...
Thread 22, base=0x75aa98f66000 page_size=4096 num_pages=2
Thread 21: Waiting for haltcode file /tmp/haltcode to continue...
Thread 23, base=0x75aa98f64000 page_size=4096 num_pages=2
Thread 22: Waiting for haltcode file /tmp/haltcode to continue...
Thread 23: Waiting for haltcode file /tmp/haltcode to continue...
Thread 24, base=0x75aa98f62000 page_size=4096 num_pages=2
Thread 25, base=0x75aa98f60000 page_size=4096 num_pages=2
Thread 24: Waiting for haltcode file /tmp/haltcode to continue...
Thread 26, base=0x75aa98f5e000 page_size=4096 num_pages=2
Thread 25: Waiting for haltcode file /tmp/haltcode to continue...
Thread 27, base=0x75aa98f5c000 page_size=4096 num_pages=2
Thread 26: Waiting for haltcode file /tmp/haltcode to continue...
Thread 28, base=0x75aa98f5a000 page_size=4096 num_pages=2
Thread 27: Waiting for haltcode file /tmp/haltcode to continue...
Thread 29, base=0x75aa98f58000 page_size=4096 num_pages=2
Thread 28: Waiting for haltcode file /tmp/haltcode to continue...
Thread 30, base=0x75aa98f56000 page_size=4096 num_pages=2
Thread 29: Waiting for haltcode file /tmp/haltcode to continue...
Thread 31, base=0x75aa98f54000 page_size=4096 num_pages=2
Thread 30: Waiting for haltcode file /tmp/haltcode to continue...
Thread 32, base=0x75aa98f52000 page_size=4096 num_pages=2
Thread 33, base=0x75aa98f50000 page_size=4096 num_pages=2
Thread 34, base=0x75aa98f4e000 page_size=4096 num_pages=2
Thread 35, base=0x75aa98f4c000 page_size=4096 num_pages=2
Thread 36, base=0x75aa98f4a000 page_size=4096 num_pages=2
Thread 37, base=0x75aa98f48000 page_size=4096 num_pages=2
Thread 38, base=0x75aa98f46000 page_size=4096 num_pages=2
Thread 31: Waiting for haltcode file /tmp/haltcode to continue...
Thread 36: Waiting for haltcode file /tmp/haltcode to continue...
Thread 35: Waiting for haltcode file /tmp/haltcode to continue...
Thread 37: Waiting for haltcode file /tmp/haltcode to continue...
Thread 39, base=0x75aa98f44000 page_size=4096 num_pages=2
Thread 40, base=0x75aa98f42000 page_size=4096 num_pages=2
Thread 41, base=0x75aa98f40000 page_size=4096 num_pages=2
Thread 42, base=0x75aa98f3e000 page_size=4096 num_pages=2
Thread 43, base=0x75aa98f3c000 page_size=4096 num_pages=2
Thread 44, base=0x75aa98f3a000 page_size=4096 num_pages=2
Thread 45, base=0x75aa98f38000 page_size=4096 num_pages=2
Thread 46, base=0x75aa98f36000 page_size=4096 num_pages=2
Thread 45: Waiting for haltcode file /tmp/haltcode to continue...
Thread 47, base=0x75aa98f34000 page_size=4096 num_pages=2
Thread 48, base=0x75aa98f32000 page_size=4096 num_pages=2
Thread 49, base=0x75aa98f30000 page_size=4096 num_pages=2
Thread 50, base=0x75aa98f2e000 page_size=4096 num_pages=2
Thread 51, base=0x75aa98f2c000 page_size=4096 num_pages=2
Thread 52, base=0x75aa98f2a000 page_size=4096 num_pages=2
Thread 53, base=0x75aa98f28000 page_size=4096 num_pages=2
Thread 54, base=0x75aa98f26000 page_size=4096 num_pages=2
Thread 55, base=0x75aa98f24000 page_size=4096 num_pages=2
Thread 56, base=0x75aa98f22000 page_size=4096 num_pages=2
Thread 57, base=0x75aa98f20000 page_size=4096 num_pages=2
Thread 40: Waiting for haltcode file /tmp/haltcode to continue...
Thread 42: Waiting for haltcode file /tmp/haltcode to continue...
Thread 48: Waiting for haltcode file /tmp/haltcode to continue...
Thread 51: Waiting for haltcode file /tmp/haltcode to continue...
Thread 57: Waiting for haltcode file /tmp/haltcode to continue...
Thread 58, base=0x75aa98f1e000 page_size=4096 num_pages=2
Thread 50: Waiting for haltcode file /tmp/haltcode to continue...
Thread 47: Waiting for haltcode file /tmp/haltcode to continue...
Thread 49: Waiting for haltcode file /tmp/haltcode to continue...
Thread 56: Waiting for haltcode file /tmp/haltcode to continue...
Thread 59, base=0x75aa98f1c000 page_size=4096 num_pages=2
Thread 60, base=0x75aa98f1a000 page_size=4096 num_pages=2
Thread 61, base=0x75aa98f18000 page_size=4096 num_pages=2
Thread 62, base=0x75aa98f16000 page_size=4096 num_pages=2
Thread 63, base=0x75aa98f14000 page_size=4096 num_pages=2
Thread 0: Waiting for haltcode file /tmp/haltcode to continue...
Thread 34: Waiting for haltcode file /tmp/haltcode to continue...
Thread 53: Waiting for haltcode file /tmp/haltcode to continue...
Thread 41: Waiting for haltcode file /tmp/haltcode to continue...
Thread 39: Waiting for haltcode file /tmp/haltcode to continue...
Thread 59: Waiting for haltcode file /tmp/haltcode to continue...
Thread 61: Waiting for haltcode file /tmp/haltcode to continue...
Thread 38: Waiting for haltcode file /tmp/haltcode to continue...
Thread 55: Waiting for haltcode file /tmp/haltcode to continue...
Thread 43: Waiting for haltcode file /tmp/haltcode to continue...
Thread 54: Waiting for haltcode file /tmp/haltcode to continue...
Thread 52: Waiting for haltcode file /tmp/haltcode to continue...
Thread 60: Waiting for haltcode file /tmp/haltcode to continue...
Thread 32: Waiting for haltcode file /tmp/haltcode to continue...
Thread 46: Waiting for haltcode file /tmp/haltcode to continue...
Thread 44: Waiting for haltcode file /tmp/haltcode to continue...
Thread 63: Waiting for haltcode file /tmp/haltcode to continue...
Thread 58: Waiting for haltcode file /tmp/haltcode to continue...
Thread 62: Waiting for haltcode file /tmp/haltcode to continue...
Thread 33: Waiting for haltcode file /tmp/haltcode to continue...
✅ Dump completed. Backing up images...
🚚 Transferring app and images to dsm_client...
✅ Transfer complete dsm_client
🚚 Transferring app and images to dsm_client2...
✅ Transfer complete dsm_client2
[2025-11-29 17:44:14] Checkpoint (dump) time: 9.580592520s
9.580592520,[2025-11-29 17:44:14] === Phase 2: snapshot distribution (one-time scp of backup) ===
[2025-11-29 17:44:14] Syncing app dir to client dsm_client...
[2025-11-29 17:44:15] Syncing app dir to client dsm_client2...
[2025-11-29 17:44:16] Distribution (scp app+backup) time: 1.337330263s
1.337330263,[2025-11-29 17:44:17] === Phase: rewrite (thread_filter_ranged.py on all nodes) ===
[2025-11-29 17:44:17] Server: filtering range 0-31
Selected threads (indices 0-31): [3132987, 3132989, 3132990, 3132991, 3132992, 3132993, 3132994, 3132995, 3132996, 3132997, 3132998, 3132999, 3133000, 3133001, 3133002, 3133003, 3133004, 3133005, 3133006, 3133007, 3133008, 3133009, 3133010, 3133011, 3133012, 3133013, 3133014, 3133015, 3133016, 3133017, 3133018, 3133019]
Old main PID: 3132987
New main PID: 3132987
✅ Injected TC from 3132987 into 3132987
✅ Updated pstree.img with new main PID and filtered threads
Renamed mm-3132987.img -> mm-3132987.img
Renamed ids-3132987.img -> ids-3132987.img
Renamed fs-3132987.img -> fs-3132987.img
Renamed pagemap-3132987.img -> pagemap-3132987.img
Removed unused core-3133020.img
Removed unused core-3133021.img
Removed unused core-3133022.img
Removed unused core-3133023.img
Removed unused core-3133024.img
Removed unused core-3133025.img
Removed unused core-3133026.img
Removed unused core-3133027.img
Removed unused core-3133028.img
Removed unused core-3133029.img
Removed unused core-3133030.img
Removed unused core-3133031.img
Removed unused core-3133032.img
Removed unused core-3133033.img
Removed unused core-3133034.img
Removed unused core-3133035.img
Removed unused core-3133036.img
Removed unused core-3133037.img
Removed unused core-3133038.img
Removed unused core-3133039.img
Removed unused core-3133040.img
Removed unused core-3133041.img
Removed unused core-3133042.img
Removed unused core-3133043.img
Removed unused core-3133044.img
Removed unused core-3133045.img
Removed unused core-3133046.img
Removed unused core-3133047.img
Removed unused core-3133048.img
Removed unused core-3133049.img
Removed unused core-3133050.img
Removed unused core-3133051.img

✅ Done.
   - New main: 3132987 (core-3132987.img)
   - Threads kept: [3132987, 3132989, 3132990, 3132991, 3132992, 3132993, 3132994, 3132995, 3132996, 3132997, 3132998, 3132999, 3133000, 3133001, 3133002, 3133003, 3133004, 3133005, 3133006, 3133007, 3133008, 3133009, 3133010, 3133011, 3133012, 3133013, 3133014, 3133015, 3133016, 3133017, 3133018, 3133019]
   - Renamed PID-dependent files
   - Injected TC from old main into new main
[2025-11-29 17:44:17] Client1 (dsm_client): filtering range 32-63
[2025-11-29 17:44:18] Rewrite time: .471941417s
.471941417,[2025-11-29 17:44:18] === Phase: restore for config 'split32_tcp' (proto=tcp, n_clients=1) ===,
histogram-dsm,split32_rdma,64,0-31,32-63,-,1,rdma,[2025-11-29 17:44:05] === Phase 1: checkpoint (dump) with phoenix.sh ===
🚀 Starting histogram-dsm ...
🧪 FFT started with PID 3132987
📦 Dumping with CRIU after 30s warm-up...
No need to swap
This file has 1406250002 bytes of image data, 468750000 pixels
Starting pthreads histogram
DSM detected, using DSM pthread_barrier
Num threads:64, pixels:598564736, iterations:1000, size of thread arg:6176
Thread 0, base=0x75aa98f92000 page_size=4096 num_pages=2
Thread 1, base=0x75aa98f90000 page_size=4096 num_pages=2
Thread 2, base=0x75aa98f8e000 page_size=4096 num_pages=2
Thread 1: Waiting for haltcode file /tmp/haltcode to continue...
Thread 3, base=0x75aa98f8c000 page_size=4096 num_pages=2
Thread 2: Waiting for haltcode file /tmp/haltcode to continue...
Thread 4, base=0x75aa98f8a000 page_size=4096 num_pages=2
Thread 3: Waiting for haltcode file /tmp/haltcode to continue...
Thread 5, base=0x75aa98f88000 page_size=4096 num_pages=2
Thread 4: Waiting for haltcode file /tmp/haltcode to continue...
Thread 6, base=0x75aa98f86000 page_size=4096 num_pages=2
Thread 5: Waiting for haltcode file /tmp/haltcode to continue...
Thread 7, base=0x75aa98f84000 page_size=4096 num_pages=2
Thread 6: Waiting for haltcode file /tmp/haltcode to continue...
Thread 8, base=0x75aa98f82000 page_size=4096 num_pages=2
Thread 7: Waiting for haltcode file /tmp/haltcode to continue...
Thread 9, base=0x75aa98f80000 page_size=4096 num_pages=2
Thread 8: Waiting for haltcode file /tmp/haltcode to continue...
Thread 10, base=0x75aa98f7e000 page_size=4096 num_pages=2
Thread 9: Waiting for haltcode file /tmp/haltcode to continue...
Thread 11, base=0x75aa98f7c000 page_size=4096 num_pages=2
Thread 10: Waiting for haltcode file /tmp/haltcode to continue...
Thread 12, base=0x75aa98f7a000 page_size=4096 num_pages=2
Thread 11: Waiting for haltcode file /tmp/haltcode to continue...
Thread 13, base=0x75aa98f78000 page_size=4096 num_pages=2
Thread 12: Waiting for haltcode file /tmp/haltcode to continue...
Thread 13: Waiting for haltcode file /tmp/haltcode to continue...
Thread 14, base=0x75aa98f76000 page_size=4096 num_pages=2
Thread 15, base=0x75aa98f74000 page_size=4096 num_pages=2
Thread 14: Waiting for haltcode file /tmp/haltcode to continue...
Thread 16, base=0x75aa98f72000 page_size=4096 num_pages=2
Thread 15: Waiting for haltcode file /tmp/haltcode to continue...
Thread 17, base=0x75aa98f70000 page_size=4096 num_pages=2
Thread 16: Waiting for haltcode file /tmp/haltcode to continue...
Thread 18, base=0x75aa98f6e000 page_size=4096 num_pages=2
Thread 17: Waiting for haltcode file /tmp/haltcode to continue...
Thread 19, base=0x75aa98f6c000 page_size=4096 num_pages=2
Thread 18: Waiting for haltcode file /tmp/haltcode to continue...
Thread 20, base=0x75aa98f6a000 page_size=4096 num_pages=2
Thread 19: Waiting for haltcode file /tmp/haltcode to continue...
Thread 21, base=0x75aa98f68000 page_size=4096 num_pages=2
Thread 20: Waiting for haltcode file /tmp/haltcode to continue...
Thread 22, base=0x75aa98f66000 page_size=4096 num_pages=2
Thread 21: Waiting for haltcode file /tmp/haltcode to continue...
Thread 23, base=0x75aa98f64000 page_size=4096 num_pages=2
Thread 22: Waiting for haltcode file /tmp/haltcode to continue...
Thread 23: Waiting for haltcode file /tmp/haltcode to continue...
Thread 24, base=0x75aa98f62000 page_size=4096 num_pages=2
Thread 25, base=0x75aa98f60000 page_size=4096 num_pages=2
Thread 24: Waiting for haltcode file /tmp/haltcode to continue...
Thread 26, base=0x75aa98f5e000 page_size=4096 num_pages=2
Thread 25: Waiting for haltcode file /tmp/haltcode to continue...
Thread 27, base=0x75aa98f5c000 page_size=4096 num_pages=2
Thread 26: Waiting for haltcode file /tmp/haltcode to continue...
Thread 28, base=0x75aa98f5a000 page_size=4096 num_pages=2
Thread 27: Waiting for haltcode file /tmp/haltcode to continue...
Thread 29, base=0x75aa98f58000 page_size=4096 num_pages=2
Thread 28: Waiting for haltcode file /tmp/haltcode to continue...
Thread 30, base=0x75aa98f56000 page_size=4096 num_pages=2
Thread 29: Waiting for haltcode file /tmp/haltcode to continue...
Thread 31, base=0x75aa98f54000 page_size=4096 num_pages=2
Thread 30: Waiting for haltcode file /tmp/haltcode to continue...
Thread 32, base=0x75aa98f52000 page_size=4096 num_pages=2
Thread 33, base=0x75aa98f50000 page_size=4096 num_pages=2
Thread 34, base=0x75aa98f4e000 page_size=4096 num_pages=2
Thread 35, base=0x75aa98f4c000 page_size=4096 num_pages=2
Thread 36, base=0x75aa98f4a000 page_size=4096 num_pages=2
Thread 37, base=0x75aa98f48000 page_size=4096 num_pages=2
Thread 38, base=0x75aa98f46000 page_size=4096 num_pages=2
Thread 31: Waiting for haltcode file /tmp/haltcode to continue...
Thread 36: Waiting for haltcode file /tmp/haltcode to continue...
Thread 35: Waiting for haltcode file /tmp/haltcode to continue...
Thread 37: Waiting for haltcode file /tmp/haltcode to continue...
Thread 39, base=0x75aa98f44000 page_size=4096 num_pages=2
Thread 40, base=0x75aa98f42000 page_size=4096 num_pages=2
Thread 41, base=0x75aa98f40000 page_size=4096 num_pages=2
Thread 42, base=0x75aa98f3e000 page_size=4096 num_pages=2
Thread 43, base=0x75aa98f3c000 page_size=4096 num_pages=2
Thread 44, base=0x75aa98f3a000 page_size=4096 num_pages=2
Thread 45, base=0x75aa98f38000 page_size=4096 num_pages=2
Thread 46, base=0x75aa98f36000 page_size=4096 num_pages=2
Thread 45: Waiting for haltcode file /tmp/haltcode to continue...
Thread 47, base=0x75aa98f34000 page_size=4096 num_pages=2
Thread 48, base=0x75aa98f32000 page_size=4096 num_pages=2
Thread 49, base=0x75aa98f30000 page_size=4096 num_pages=2
Thread 50, base=0x75aa98f2e000 page_size=4096 num_pages=2
Thread 51, base=0x75aa98f2c000 page_size=4096 num_pages=2
Thread 52, base=0x75aa98f2a000 page_size=4096 num_pages=2
Thread 53, base=0x75aa98f28000 page_size=4096 num_pages=2
Thread 54, base=0x75aa98f26000 page_size=4096 num_pages=2
Thread 55, base=0x75aa98f24000 page_size=4096 num_pages=2
Thread 56, base=0x75aa98f22000 page_size=4096 num_pages=2
Thread 57, base=0x75aa98f20000 page_size=4096 num_pages=2
Thread 40: Waiting for haltcode file /tmp/haltcode to continue...
Thread 42: Waiting for haltcode file /tmp/haltcode to continue...
Thread 48: Waiting for haltcode file /tmp/haltcode to continue...
Thread 51: Waiting for haltcode file /tmp/haltcode to continue...
Thread 57: Waiting for haltcode file /tmp/haltcode to continue...
Thread 58, base=0x75aa98f1e000 page_size=4096 num_pages=2
Thread 50: Waiting for haltcode file /tmp/haltcode to continue...
Thread 47: Waiting for haltcode file /tmp/haltcode to continue...
Thread 49: Waiting for haltcode file /tmp/haltcode to continue...
Thread 56: Waiting for haltcode file /tmp/haltcode to continue...
Thread 59, base=0x75aa98f1c000 page_size=4096 num_pages=2
Thread 60, base=0x75aa98f1a000 page_size=4096 num_pages=2
Thread 61, base=0x75aa98f18000 page_size=4096 num_pages=2
Thread 62, base=0x75aa98f16000 page_size=4096 num_pages=2
Thread 63, base=0x75aa98f14000 page_size=4096 num_pages=2
Thread 0: Waiting for haltcode file /tmp/haltcode to continue...
Thread 34: Waiting for haltcode file /tmp/haltcode to continue...
Thread 53: Waiting for haltcode file /tmp/haltcode to continue...
Thread 41: Waiting for haltcode file /tmp/haltcode to continue...
Thread 39: Waiting for haltcode file /tmp/haltcode to continue...
Thread 59: Waiting for haltcode file /tmp/haltcode to continue...
Thread 61: Waiting for haltcode file /tmp/haltcode to continue...
Thread 38: Waiting for haltcode file /tmp/haltcode to continue...
Thread 55: Waiting for haltcode file /tmp/haltcode to continue...
Thread 43: Waiting for haltcode file /tmp/haltcode to continue...
Thread 54: Waiting for haltcode file /tmp/haltcode to continue...
Thread 52: Waiting for haltcode file /tmp/haltcode to continue...
Thread 60: Waiting for haltcode file /tmp/haltcode to continue...
Thread 32: Waiting for haltcode file /tmp/haltcode to continue...
Thread 46: Waiting for haltcode file /tmp/haltcode to continue...
Thread 44: Waiting for haltcode file /tmp/haltcode to continue...
Thread 63: Waiting for haltcode file /tmp/haltcode to continue...
Thread 58: Waiting for haltcode file /tmp/haltcode to continue...
Thread 62: Waiting for haltcode file /tmp/haltcode to continue...
Thread 33: Waiting for haltcode file /tmp/haltcode to continue...
✅ Dump completed. Backing up images...
🚚 Transferring app and images to dsm_client...
✅ Transfer complete dsm_client
🚚 Transferring app and images to dsm_client2...
✅ Transfer complete dsm_client2
[2025-11-29 17:44:14] Checkpoint (dump) time: 9.580592520s
9.580592520,[2025-11-29 17:44:14] === Phase 2: snapshot distribution (one-time scp of backup) ===
[2025-11-29 17:44:14] Syncing app dir to client dsm_client...
[2025-11-29 17:44:15] Syncing app dir to client dsm_client2...
[2025-11-29 17:44:16] Distribution (scp app+backup) time: 1.337330263s
1.337330263,[2025-11-29 17:44:18] === Phase: rewrite (thread_filter_ranged.py on all nodes) ===
[2025-11-29 17:44:18] Server: filtering range 0-31
Selected threads (indices 0-31): [3132987, 3132989, 3132990, 3132991, 3132992, 3132993, 3132994, 3132995, 3132996, 3132997, 3132998, 3132999, 3133000, 3133001, 3133002, 3133003, 3133004, 3133005, 3133006, 3133007, 3133008, 3133009, 3133010, 3133011, 3133012, 3133013, 3133014, 3133015, 3133016, 3133017, 3133018, 3133019]
Old main PID: 3132987
New main PID: 3132987
✅ Injected TC from 3132987 into 3132987
✅ Updated pstree.img with new main PID and filtered threads
Renamed mm-3132987.img -> mm-3132987.img
Renamed ids-3132987.img -> ids-3132987.img
Renamed fs-3132987.img -> fs-3132987.img
Renamed pagemap-3132987.img -> pagemap-3132987.img
Removed unused core-3133020.img
Removed unused core-3133021.img
Removed unused core-3133022.img
Removed unused core-3133023.img
Removed unused core-3133024.img
Removed unused core-3133025.img
Removed unused core-3133026.img
Removed unused core-3133027.img
Removed unused core-3133028.img
Removed unused core-3133029.img
Removed unused core-3133030.img
Removed unused core-3133031.img
Removed unused core-3133032.img
Removed unused core-3133033.img
Removed unused core-3133034.img
Removed unused core-3133035.img
Removed unused core-3133036.img
Removed unused core-3133037.img
Removed unused core-3133038.img
Removed unused core-3133039.img
Removed unused core-3133040.img
Removed unused core-3133041.img
Removed unused core-3133042.img
Removed unused core-3133043.img
Removed unused core-3133044.img
Removed unused core-3133045.img
Removed unused core-3133046.img
Removed unused core-3133047.img
Removed unused core-3133048.img
Removed unused core-3133049.img
Removed unused core-3133050.img
Removed unused core-3133051.img

✅ Done.
   - New main: 3132987 (core-3132987.img)
   - Threads kept: [3132987, 3132989, 3132990, 3132991, 3132992, 3132993, 3132994, 3132995, 3132996, 3132997, 3132998, 3132999, 3133000, 3133001, 3133002, 3133003, 3133004, 3133005, 3133006, 3133007, 3133008, 3133009, 3133010, 3133011, 3133012, 3133013, 3133014, 3133015, 3133016, 3133017, 3133018, 3133019]
   - Renamed PID-dependent files
   - Injected TC from old main into new main
[2025-11-29 17:44:19] Client1 (dsm_client): filtering range 32-63
[2025-11-29 17:44:19] Rewrite time: .475210474s
.475210474,[2025-11-29 17:44:19] === Phase: restore for config 'split32_rdma' (proto=rdma, n_clients=1) ===,
histogram-dsm,split16_tcp,64,0-15,16-63,-,1,tcp,[2025-11-29 17:44:05] === Phase 1: checkpoint (dump) with phoenix.sh ===
🚀 Starting histogram-dsm ...
🧪 FFT started with PID 3132987
📦 Dumping with CRIU after 30s warm-up...
No need to swap
This file has 1406250002 bytes of image data, 468750000 pixels
Starting pthreads histogram
DSM detected, using DSM pthread_barrier
Num threads:64, pixels:598564736, iterations:1000, size of thread arg:6176
Thread 0, base=0x75aa98f92000 page_size=4096 num_pages=2
Thread 1, base=0x75aa98f90000 page_size=4096 num_pages=2
Thread 2, base=0x75aa98f8e000 page_size=4096 num_pages=2
Thread 1: Waiting for haltcode file /tmp/haltcode to continue...
Thread 3, base=0x75aa98f8c000 page_size=4096 num_pages=2
Thread 2: Waiting for haltcode file /tmp/haltcode to continue...
Thread 4, base=0x75aa98f8a000 page_size=4096 num_pages=2
Thread 3: Waiting for haltcode file /tmp/haltcode to continue...
Thread 5, base=0x75aa98f88000 page_size=4096 num_pages=2
Thread 4: Waiting for haltcode file /tmp/haltcode to continue...
Thread 6, base=0x75aa98f86000 page_size=4096 num_pages=2
Thread 5: Waiting for haltcode file /tmp/haltcode to continue...
Thread 7, base=0x75aa98f84000 page_size=4096 num_pages=2
Thread 6: Waiting for haltcode file /tmp/haltcode to continue...
Thread 8, base=0x75aa98f82000 page_size=4096 num_pages=2
Thread 7: Waiting for haltcode file /tmp/haltcode to continue...
Thread 9, base=0x75aa98f80000 page_size=4096 num_pages=2
Thread 8: Waiting for haltcode file /tmp/haltcode to continue...
Thread 10, base=0x75aa98f7e000 page_size=4096 num_pages=2
Thread 9: Waiting for haltcode file /tmp/haltcode to continue...
Thread 11, base=0x75aa98f7c000 page_size=4096 num_pages=2
Thread 10: Waiting for haltcode file /tmp/haltcode to continue...
Thread 12, base=0x75aa98f7a000 page_size=4096 num_pages=2
Thread 11: Waiting for haltcode file /tmp/haltcode to continue...
Thread 13, base=0x75aa98f78000 page_size=4096 num_pages=2
Thread 12: Waiting for haltcode file /tmp/haltcode to continue...
Thread 13: Waiting for haltcode file /tmp/haltcode to continue...
Thread 14, base=0x75aa98f76000 page_size=4096 num_pages=2
Thread 15, base=0x75aa98f74000 page_size=4096 num_pages=2
Thread 14: Waiting for haltcode file /tmp/haltcode to continue...
Thread 16, base=0x75aa98f72000 page_size=4096 num_pages=2
Thread 15: Waiting for haltcode file /tmp/haltcode to continue...
Thread 17, base=0x75aa98f70000 page_size=4096 num_pages=2
Thread 16: Waiting for haltcode file /tmp/haltcode to continue...
Thread 18, base=0x75aa98f6e000 page_size=4096 num_pages=2
Thread 17: Waiting for haltcode file /tmp/haltcode to continue...
Thread 19, base=0x75aa98f6c000 page_size=4096 num_pages=2
Thread 18: Waiting for haltcode file /tmp/haltcode to continue...
Thread 20, base=0x75aa98f6a000 page_size=4096 num_pages=2
Thread 19: Waiting for haltcode file /tmp/haltcode to continue...
Thread 21, base=0x75aa98f68000 page_size=4096 num_pages=2
Thread 20: Waiting for haltcode file /tmp/haltcode to continue...
Thread 22, base=0x75aa98f66000 page_size=4096 num_pages=2
Thread 21: Waiting for haltcode file /tmp/haltcode to continue...
Thread 23, base=0x75aa98f64000 page_size=4096 num_pages=2
Thread 22: Waiting for haltcode file /tmp/haltcode to continue...
Thread 23: Waiting for haltcode file /tmp/haltcode to continue...
Thread 24, base=0x75aa98f62000 page_size=4096 num_pages=2
Thread 25, base=0x75aa98f60000 page_size=4096 num_pages=2
Thread 24: Waiting for haltcode file /tmp/haltcode to continue...
Thread 26, base=0x75aa98f5e000 page_size=4096 num_pages=2
Thread 25: Waiting for haltcode file /tmp/haltcode to continue...
Thread 27, base=0x75aa98f5c000 page_size=4096 num_pages=2
Thread 26: Waiting for haltcode file /tmp/haltcode to continue...
Thread 28, base=0x75aa98f5a000 page_size=4096 num_pages=2
Thread 27: Waiting for haltcode file /tmp/haltcode to continue...
Thread 29, base=0x75aa98f58000 page_size=4096 num_pages=2
Thread 28: Waiting for haltcode file /tmp/haltcode to continue...
Thread 30, base=0x75aa98f56000 page_size=4096 num_pages=2
Thread 29: Waiting for haltcode file /tmp/haltcode to continue...
Thread 31, base=0x75aa98f54000 page_size=4096 num_pages=2
Thread 30: Waiting for haltcode file /tmp/haltcode to continue...
Thread 32, base=0x75aa98f52000 page_size=4096 num_pages=2
Thread 33, base=0x75aa98f50000 page_size=4096 num_pages=2
Thread 34, base=0x75aa98f4e000 page_size=4096 num_pages=2
Thread 35, base=0x75aa98f4c000 page_size=4096 num_pages=2
Thread 36, base=0x75aa98f4a000 page_size=4096 num_pages=2
Thread 37, base=0x75aa98f48000 page_size=4096 num_pages=2
Thread 38, base=0x75aa98f46000 page_size=4096 num_pages=2
Thread 31: Waiting for haltcode file /tmp/haltcode to continue...
Thread 36: Waiting for haltcode file /tmp/haltcode to continue...
Thread 35: Waiting for haltcode file /tmp/haltcode to continue...
Thread 37: Waiting for haltcode file /tmp/haltcode to continue...
Thread 39, base=0x75aa98f44000 page_size=4096 num_pages=2
Thread 40, base=0x75aa98f42000 page_size=4096 num_pages=2
Thread 41, base=0x75aa98f40000 page_size=4096 num_pages=2
Thread 42, base=0x75aa98f3e000 page_size=4096 num_pages=2
Thread 43, base=0x75aa98f3c000 page_size=4096 num_pages=2
Thread 44, base=0x75aa98f3a000 page_size=4096 num_pages=2
Thread 45, base=0x75aa98f38000 page_size=4096 num_pages=2
Thread 46, base=0x75aa98f36000 page_size=4096 num_pages=2
Thread 45: Waiting for haltcode file /tmp/haltcode to continue...
Thread 47, base=0x75aa98f34000 page_size=4096 num_pages=2
Thread 48, base=0x75aa98f32000 page_size=4096 num_pages=2
Thread 49, base=0x75aa98f30000 page_size=4096 num_pages=2
Thread 50, base=0x75aa98f2e000 page_size=4096 num_pages=2
Thread 51, base=0x75aa98f2c000 page_size=4096 num_pages=2
Thread 52, base=0x75aa98f2a000 page_size=4096 num_pages=2
Thread 53, base=0x75aa98f28000 page_size=4096 num_pages=2
Thread 54, base=0x75aa98f26000 page_size=4096 num_pages=2
Thread 55, base=0x75aa98f24000 page_size=4096 num_pages=2
Thread 56, base=0x75aa98f22000 page_size=4096 num_pages=2
Thread 57, base=0x75aa98f20000 page_size=4096 num_pages=2
Thread 40: Waiting for haltcode file /tmp/haltcode to continue...
Thread 42: Waiting for haltcode file /tmp/haltcode to continue...
Thread 48: Waiting for haltcode file /tmp/haltcode to continue...
Thread 51: Waiting for haltcode file /tmp/haltcode to continue...
Thread 57: Waiting for haltcode file /tmp/haltcode to continue...
Thread 58, base=0x75aa98f1e000 page_size=4096 num_pages=2
Thread 50: Waiting for haltcode file /tmp/haltcode to continue...
Thread 47: Waiting for haltcode file /tmp/haltcode to continue...
Thread 49: Waiting for haltcode file /tmp/haltcode to continue...
Thread 56: Waiting for haltcode file /tmp/haltcode to continue...
Thread 59, base=0x75aa98f1c000 page_size=4096 num_pages=2
Thread 60, base=0x75aa98f1a000 page_size=4096 num_pages=2
Thread 61, base=0x75aa98f18000 page_size=4096 num_pages=2
Thread 62, base=0x75aa98f16000 page_size=4096 num_pages=2
Thread 63, base=0x75aa98f14000 page_size=4096 num_pages=2
Thread 0: Waiting for haltcode file /tmp/haltcode to continue...
Thread 34: Waiting for haltcode file /tmp/haltcode to continue...
Thread 53: Waiting for haltcode file /tmp/haltcode to continue...
Thread 41: Waiting for haltcode file /tmp/haltcode to continue...
Thread 39: Waiting for haltcode file /tmp/haltcode to continue...
Thread 59: Waiting for haltcode file /tmp/haltcode to continue...
Thread 61: Waiting for haltcode file /tmp/haltcode to continue...
Thread 38: Waiting for haltcode file /tmp/haltcode to continue...
Thread 55: Waiting for haltcode file /tmp/haltcode to continue...
Thread 43: Waiting for haltcode file /tmp/haltcode to continue...
Thread 54: Waiting for haltcode file /tmp/haltcode to continue...
Thread 52: Waiting for haltcode file /tmp/haltcode to continue...
Thread 60: Waiting for haltcode file /tmp/haltcode to continue...
Thread 32: Waiting for haltcode file /tmp/haltcode to continue...
Thread 46: Waiting for haltcode file /tmp/haltcode to continue...
Thread 44: Waiting for haltcode file /tmp/haltcode to continue...
Thread 63: Waiting for haltcode file /tmp/haltcode to continue...
Thread 58: Waiting for haltcode file /tmp/haltcode to continue...
Thread 62: Waiting for haltcode file /tmp/haltcode to continue...
Thread 33: Waiting for haltcode file /tmp/haltcode to continue...
✅ Dump completed. Backing up images...
🚚 Transferring app and images to dsm_client...
✅ Transfer complete dsm_client
🚚 Transferring app and images to dsm_client2...
✅ Transfer complete dsm_client2
[2025-11-29 17:44:14] Checkpoint (dump) time: 9.580592520s
9.580592520,[2025-11-29 17:44:14] === Phase 2: snapshot distribution (one-time scp of backup) ===
[2025-11-29 17:44:14] Syncing app dir to client dsm_client...
[2025-11-29 17:44:15] Syncing app dir to client dsm_client2...
[2025-11-29 17:44:16] Distribution (scp app+backup) time: 1.337330263s
1.337330263,[2025-11-29 17:44:20] === Phase: rewrite (thread_filter_ranged.py on all nodes) ===
[2025-11-29 17:44:20] Server: filtering range 0-15
Selected threads (indices 0-15): [3132987, 3132989, 3132990, 3132991, 3132992, 3132993, 3132994, 3132995, 3132996, 3132997, 3132998, 3132999, 3133000, 3133001, 3133002, 3133003]
Old main PID: 3132987
New main PID: 3132987
✅ Injected TC from 3132987 into 3132987
✅ Updated pstree.img with new main PID and filtered threads
Renamed mm-3132987.img -> mm-3132987.img
Renamed ids-3132987.img -> ids-3132987.img
Renamed fs-3132987.img -> fs-3132987.img
Renamed pagemap-3132987.img -> pagemap-3132987.img
Removed unused core-3133004.img
Removed unused core-3133005.img
Removed unused core-3133006.img
Removed unused core-3133007.img
Removed unused core-3133008.img
Removed unused core-3133009.img
Removed unused core-3133010.img
Removed unused core-3133011.img
Removed unused core-3133012.img
Removed unused core-3133013.img
Removed unused core-3133014.img
Removed unused core-3133015.img
Removed unused core-3133016.img
Removed unused core-3133017.img
Removed unused core-3133018.img
Removed unused core-3133019.img
Removed unused core-3133020.img
Removed unused core-3133021.img
Removed unused core-3133022.img
Removed unused core-3133023.img
Removed unused core-3133024.img
Removed unused core-3133025.img
Removed unused core-3133026.img
Removed unused core-3133027.img
Removed unused core-3133028.img
Removed unused core-3133029.img
Removed unused core-3133030.img
Removed unused core-3133031.img
Removed unused core-3133032.img
Removed unused core-3133033.img
Removed unused core-3133034.img
Removed unused core-3133035.img
Removed unused core-3133036.img
Removed unused core-3133037.img
Removed unused core-3133038.img
Removed unused core-3133039.img
Removed unused core-3133040.img
Removed unused core-3133041.img
Removed unused core-3133042.img
Removed unused core-3133043.img
Removed unused core-3133044.img
Removed unused core-3133045.img
Removed unused core-3133046.img
Removed unused core-3133047.img
Removed unused core-3133048.img
Removed unused core-3133049.img
Removed unused core-3133050.img
Removed unused core-3133051.img

✅ Done.
   - New main: 3132987 (core-3132987.img)
   - Threads kept: [3132987, 3132989, 3132990, 3132991, 3132992, 3132993, 3132994, 3132995, 3132996, 3132997, 3132998, 3132999, 3133000, 3133001, 3133002, 3133003]
   - Renamed PID-dependent files
   - Injected TC from old main into new main
[2025-11-29 17:44:20] Client1 (dsm_client): filtering range 16-63
[2025-11-29 17:44:20] Rewrite time: .470760422s
.470760422,[2025-11-29 17:44:20] === Phase: restore for config 'split16_tcp' (proto=tcp, n_clients=1) ===,
histogram-dsm,split16_rdma,64,0-15,16-63,-,1,rdma,[2025-11-29 17:44:05] === Phase 1: checkpoint (dump) with phoenix.sh ===
🚀 Starting histogram-dsm ...
🧪 FFT started with PID 3132987
📦 Dumping with CRIU after 30s warm-up...
No need to swap
This file has 1406250002 bytes of image data, 468750000 pixels
Starting pthreads histogram
DSM detected, using DSM pthread_barrier
Num threads:64, pixels:598564736, iterations:1000, size of thread arg:6176
Thread 0, base=0x75aa98f92000 page_size=4096 num_pages=2
Thread 1, base=0x75aa98f90000 page_size=4096 num_pages=2
Thread 2, base=0x75aa98f8e000 page_size=4096 num_pages=2
Thread 1: Waiting for haltcode file /tmp/haltcode to continue...
Thread 3, base=0x75aa98f8c000 page_size=4096 num_pages=2
Thread 2: Waiting for haltcode file /tmp/haltcode to continue...
Thread 4, base=0x75aa98f8a000 page_size=4096 num_pages=2
Thread 3: Waiting for haltcode file /tmp/haltcode to continue...
Thread 5, base=0x75aa98f88000 page_size=4096 num_pages=2
Thread 4: Waiting for haltcode file /tmp/haltcode to continue...
Thread 6, base=0x75aa98f86000 page_size=4096 num_pages=2
Thread 5: Waiting for haltcode file /tmp/haltcode to continue...
Thread 7, base=0x75aa98f84000 page_size=4096 num_pages=2
Thread 6: Waiting for haltcode file /tmp/haltcode to continue...
Thread 8, base=0x75aa98f82000 page_size=4096 num_pages=2
Thread 7: Waiting for haltcode file /tmp/haltcode to continue...
Thread 9, base=0x75aa98f80000 page_size=4096 num_pages=2
Thread 8: Waiting for haltcode file /tmp/haltcode to continue...
Thread 10, base=0x75aa98f7e000 page_size=4096 num_pages=2
Thread 9: Waiting for haltcode file /tmp/haltcode to continue...
Thread 11, base=0x75aa98f7c000 page_size=4096 num_pages=2
Thread 10: Waiting for haltcode file /tmp/haltcode to continue...
Thread 12, base=0x75aa98f7a000 page_size=4096 num_pages=2
Thread 11: Waiting for haltcode file /tmp/haltcode to continue...
Thread 13, base=0x75aa98f78000 page_size=4096 num_pages=2
Thread 12: Waiting for haltcode file /tmp/haltcode to continue...
Thread 13: Waiting for haltcode file /tmp/haltcode to continue...
Thread 14, base=0x75aa98f76000 page_size=4096 num_pages=2
Thread 15, base=0x75aa98f74000 page_size=4096 num_pages=2
Thread 14: Waiting for haltcode file /tmp/haltcode to continue...
Thread 16, base=0x75aa98f72000 page_size=4096 num_pages=2
Thread 15: Waiting for haltcode file /tmp/haltcode to continue...
Thread 17, base=0x75aa98f70000 page_size=4096 num_pages=2
Thread 16: Waiting for haltcode file /tmp/haltcode to continue...
Thread 18, base=0x75aa98f6e000 page_size=4096 num_pages=2
Thread 17: Waiting for haltcode file /tmp/haltcode to continue...
Thread 19, base=0x75aa98f6c000 page_size=4096 num_pages=2
Thread 18: Waiting for haltcode file /tmp/haltcode to continue...
Thread 20, base=0x75aa98f6a000 page_size=4096 num_pages=2
Thread 19: Waiting for haltcode file /tmp/haltcode to continue...
Thread 21, base=0x75aa98f68000 page_size=4096 num_pages=2
Thread 20: Waiting for haltcode file /tmp/haltcode to continue...
Thread 22, base=0x75aa98f66000 page_size=4096 num_pages=2
Thread 21: Waiting for haltcode file /tmp/haltcode to continue...
Thread 23, base=0x75aa98f64000 page_size=4096 num_pages=2
Thread 22: Waiting for haltcode file /tmp/haltcode to continue...
Thread 23: Waiting for haltcode file /tmp/haltcode to continue...
Thread 24, base=0x75aa98f62000 page_size=4096 num_pages=2
Thread 25, base=0x75aa98f60000 page_size=4096 num_pages=2
Thread 24: Waiting for haltcode file /tmp/haltcode to continue...
Thread 26, base=0x75aa98f5e000 page_size=4096 num_pages=2
Thread 25: Waiting for haltcode file /tmp/haltcode to continue...
Thread 27, base=0x75aa98f5c000 page_size=4096 num_pages=2
Thread 26: Waiting for haltcode file /tmp/haltcode to continue...
Thread 28, base=0x75aa98f5a000 page_size=4096 num_pages=2
Thread 27: Waiting for haltcode file /tmp/haltcode to continue...
Thread 29, base=0x75aa98f58000 page_size=4096 num_pages=2
Thread 28: Waiting for haltcode file /tmp/haltcode to continue...
Thread 30, base=0x75aa98f56000 page_size=4096 num_pages=2
Thread 29: Waiting for haltcode file /tmp/haltcode to continue...
Thread 31, base=0x75aa98f54000 page_size=4096 num_pages=2
Thread 30: Waiting for haltcode file /tmp/haltcode to continue...
Thread 32, base=0x75aa98f52000 page_size=4096 num_pages=2
Thread 33, base=0x75aa98f50000 page_size=4096 num_pages=2
Thread 34, base=0x75aa98f4e000 page_size=4096 num_pages=2
Thread 35, base=0x75aa98f4c000 page_size=4096 num_pages=2
Thread 36, base=0x75aa98f4a000 page_size=4096 num_pages=2
Thread 37, base=0x75aa98f48000 page_size=4096 num_pages=2
Thread 38, base=0x75aa98f46000 page_size=4096 num_pages=2
Thread 31: Waiting for haltcode file /tmp/haltcode to continue...
Thread 36: Waiting for haltcode file /tmp/haltcode to continue...
Thread 35: Waiting for haltcode file /tmp/haltcode to continue...
Thread 37: Waiting for haltcode file /tmp/haltcode to continue...
Thread 39, base=0x75aa98f44000 page_size=4096 num_pages=2
Thread 40, base=0x75aa98f42000 page_size=4096 num_pages=2
Thread 41, base=0x75aa98f40000 page_size=4096 num_pages=2
Thread 42, base=0x75aa98f3e000 page_size=4096 num_pages=2
Thread 43, base=0x75aa98f3c000 page_size=4096 num_pages=2
Thread 44, base=0x75aa98f3a000 page_size=4096 num_pages=2
Thread 45, base=0x75aa98f38000 page_size=4096 num_pages=2
Thread 46, base=0x75aa98f36000 page_size=4096 num_pages=2
Thread 45: Waiting for haltcode file /tmp/haltcode to continue...
Thread 47, base=0x75aa98f34000 page_size=4096 num_pages=2
Thread 48, base=0x75aa98f32000 page_size=4096 num_pages=2
Thread 49, base=0x75aa98f30000 page_size=4096 num_pages=2
Thread 50, base=0x75aa98f2e000 page_size=4096 num_pages=2
Thread 51, base=0x75aa98f2c000 page_size=4096 num_pages=2
Thread 52, base=0x75aa98f2a000 page_size=4096 num_pages=2
Thread 53, base=0x75aa98f28000 page_size=4096 num_pages=2
Thread 54, base=0x75aa98f26000 page_size=4096 num_pages=2
Thread 55, base=0x75aa98f24000 page_size=4096 num_pages=2
Thread 56, base=0x75aa98f22000 page_size=4096 num_pages=2
Thread 57, base=0x75aa98f20000 page_size=4096 num_pages=2
Thread 40: Waiting for haltcode file /tmp/haltcode to continue...
Thread 42: Waiting for haltcode file /tmp/haltcode to continue...
Thread 48: Waiting for haltcode file /tmp/haltcode to continue...
Thread 51: Waiting for haltcode file /tmp/haltcode to continue...
Thread 57: Waiting for haltcode file /tmp/haltcode to continue...
Thread 58, base=0x75aa98f1e000 page_size=4096 num_pages=2
Thread 50: Waiting for haltcode file /tmp/haltcode to continue...
Thread 47: Waiting for haltcode file /tmp/haltcode to continue...
Thread 49: Waiting for haltcode file /tmp/haltcode to continue...
Thread 56: Waiting for haltcode file /tmp/haltcode to continue...
Thread 59, base=0x75aa98f1c000 page_size=4096 num_pages=2
Thread 60, base=0x75aa98f1a000 page_size=4096 num_pages=2
Thread 61, base=0x75aa98f18000 page_size=4096 num_pages=2
Thread 62, base=0x75aa98f16000 page_size=4096 num_pages=2
Thread 63, base=0x75aa98f14000 page_size=4096 num_pages=2
Thread 0: Waiting for haltcode file /tmp/haltcode to continue...
Thread 34: Waiting for haltcode file /tmp/haltcode to continue...
Thread 53: Waiting for haltcode file /tmp/haltcode to continue...
Thread 41: Waiting for haltcode file /tmp/haltcode to continue...
Thread 39: Waiting for haltcode file /tmp/haltcode to continue...
Thread 59: Waiting for haltcode file /tmp/haltcode to continue...
Thread 61: Waiting for haltcode file /tmp/haltcode to continue...
Thread 38: Waiting for haltcode file /tmp/haltcode to continue...
Thread 55: Waiting for haltcode file /tmp/haltcode to continue...
Thread 43: Waiting for haltcode file /tmp/haltcode to continue...
Thread 54: Waiting for haltcode file /tmp/haltcode to continue...
Thread 52: Waiting for haltcode file /tmp/haltcode to continue...
Thread 60: Waiting for haltcode file /tmp/haltcode to continue...
Thread 32: Waiting for haltcode file /tmp/haltcode to continue...
Thread 46: Waiting for haltcode file /tmp/haltcode to continue...
Thread 44: Waiting for haltcode file /tmp/haltcode to continue...
Thread 63: Waiting for haltcode file /tmp/haltcode to continue...
Thread 58: Waiting for haltcode file /tmp/haltcode to continue...
Thread 62: Waiting for haltcode file /tmp/haltcode to continue...
Thread 33: Waiting for haltcode file /tmp/haltcode to continue...
✅ Dump completed. Backing up images...
🚚 Transferring app and images to dsm_client...
✅ Transfer complete dsm_client
🚚 Transferring app and images to dsm_client2...
✅ Transfer complete dsm_client2
[2025-11-29 17:44:14] Checkpoint (dump) time: 9.580592520s
9.580592520,[2025-11-29 17:44:14] === Phase 2: snapshot distribution (one-time scp of backup) ===
[2025-11-29 17:44:14] Syncing app dir to client dsm_client...
[2025-11-29 17:44:15] Syncing app dir to client dsm_client2...
[2025-11-29 17:44:16] Distribution (scp app+backup) time: 1.337330263s
1.337330263,[2025-11-29 17:44:21] === Phase: rewrite (thread_filter_ranged.py on all nodes) ===
[2025-11-29 17:44:21] Server: filtering range 0-15
Selected threads (indices 0-15): [3132987, 3132989, 3132990, 3132991, 3132992, 3132993, 3132994, 3132995, 3132996, 3132997, 3132998, 3132999, 3133000, 3133001, 3133002, 3133003]
Old main PID: 3132987
New main PID: 3132987
✅ Injected TC from 3132987 into 3132987
✅ Updated pstree.img with new main PID and filtered threads
Renamed mm-3132987.img -> mm-3132987.img
Renamed ids-3132987.img -> ids-3132987.img
Renamed fs-3132987.img -> fs-3132987.img
Renamed pagemap-3132987.img -> pagemap-3132987.img
Removed unused core-3133004.img
Removed unused core-3133005.img
Removed unused core-3133006.img
Removed unused core-3133007.img
Removed unused core-3133008.img
Removed unused core-3133009.img
Removed unused core-3133010.img
Removed unused core-3133011.img
Removed unused core-3133012.img
Removed unused core-3133013.img
Removed unused core-3133014.img
Removed unused core-3133015.img
Removed unused core-3133016.img
Removed unused core-3133017.img
Removed unused core-3133018.img
Removed unused core-3133019.img
Removed unused core-3133020.img
Removed unused core-3133021.img
Removed unused core-3133022.img
Removed unused core-3133023.img
Removed unused core-3133024.img
Removed unused core-3133025.img
Removed unused core-3133026.img
Removed unused core-3133027.img
Removed unused core-3133028.img
Removed unused core-3133029.img
Removed unused core-3133030.img
Removed unused core-3133031.img
Removed unused core-3133032.img
Removed unused core-3133033.img
Removed unused core-3133034.img
Removed unused core-3133035.img
Removed unused core-3133036.img
Removed unused core-3133037.img
Removed unused core-3133038.img
Removed unused core-3133039.img
Removed unused core-3133040.img
Removed unused core-3133041.img
Removed unused core-3133042.img
Removed unused core-3133043.img
Removed unused core-3133044.img
Removed unused core-3133045.img
Removed unused core-3133046.img
Removed unused core-3133047.img
Removed unused core-3133048.img
Removed unused core-3133049.img
Removed unused core-3133050.img
Removed unused core-3133051.img

✅ Done.
   - New main: 3132987 (core-3132987.img)
   - Threads kept: [3132987, 3132989, 3132990, 3132991, 3132992, 3132993, 3132994, 3132995, 3132996, 3132997, 3132998, 3132999, 3133000, 3133001, 3133002, 3133003]
   - Renamed PID-dependent files
   - Injected TC from old main into new main
[2025-11-29 17:44:21] Client1 (dsm_client): filtering range 16-63
[2025-11-29 17:44:21] Rewrite time: .474908690s
.474908690,[2025-11-29 17:44:21] === Phase: restore for config 'split16_rdma' (proto=rdma, n_clients=1) ===,
histogram-dsm,split20_tcp,64,0-19,20-63,-,1,tcp,[2025-11-29 17:44:05] === Phase 1: checkpoint (dump) with phoenix.sh ===
🚀 Starting histogram-dsm ...
🧪 FFT started with PID 3132987
📦 Dumping with CRIU after 30s warm-up...
No need to swap
This file has 1406250002 bytes of image data, 468750000 pixels
Starting pthreads histogram
DSM detected, using DSM pthread_barrier
Num threads:64, pixels:598564736, iterations:1000, size of thread arg:6176
Thread 0, base=0x75aa98f92000 page_size=4096 num_pages=2
Thread 1, base=0x75aa98f90000 page_size=4096 num_pages=2
Thread 2, base=0x75aa98f8e000 page_size=4096 num_pages=2
Thread 1: Waiting for haltcode file /tmp/haltcode to continue...
Thread 3, base=0x75aa98f8c000 page_size=4096 num_pages=2
Thread 2: Waiting for haltcode file /tmp/haltcode to continue...
Thread 4, base=0x75aa98f8a000 page_size=4096 num_pages=2
Thread 3: Waiting for haltcode file /tmp/haltcode to continue...
Thread 5, base=0x75aa98f88000 page_size=4096 num_pages=2
Thread 4: Waiting for haltcode file /tmp/haltcode to continue...
Thread 6, base=0x75aa98f86000 page_size=4096 num_pages=2
Thread 5: Waiting for haltcode file /tmp/haltcode to continue...
Thread 7, base=0x75aa98f84000 page_size=4096 num_pages=2
Thread 6: Waiting for haltcode file /tmp/haltcode to continue...
Thread 8, base=0x75aa98f82000 page_size=4096 num_pages=2
Thread 7: Waiting for haltcode file /tmp/haltcode to continue...
Thread 9, base=0x75aa98f80000 page_size=4096 num_pages=2
Thread 8: Waiting for haltcode file /tmp/haltcode to continue...
Thread 10, base=0x75aa98f7e000 page_size=4096 num_pages=2
Thread 9: Waiting for haltcode file /tmp/haltcode to continue...
Thread 11, base=0x75aa98f7c000 page_size=4096 num_pages=2
Thread 10: Waiting for haltcode file /tmp/haltcode to continue...
Thread 12, base=0x75aa98f7a000 page_size=4096 num_pages=2
Thread 11: Waiting for haltcode file /tmp/haltcode to continue...
Thread 13, base=0x75aa98f78000 page_size=4096 num_pages=2
Thread 12: Waiting for haltcode file /tmp/haltcode to continue...
Thread 13: Waiting for haltcode file /tmp/haltcode to continue...
Thread 14, base=0x75aa98f76000 page_size=4096 num_pages=2
Thread 15, base=0x75aa98f74000 page_size=4096 num_pages=2
Thread 14: Waiting for haltcode file /tmp/haltcode to continue...
Thread 16, base=0x75aa98f72000 page_size=4096 num_pages=2
Thread 15: Waiting for haltcode file /tmp/haltcode to continue...
Thread 17, base=0x75aa98f70000 page_size=4096 num_pages=2
Thread 16: Waiting for haltcode file /tmp/haltcode to continue...
Thread 18, base=0x75aa98f6e000 page_size=4096 num_pages=2
Thread 17: Waiting for haltcode file /tmp/haltcode to continue...
Thread 19, base=0x75aa98f6c000 page_size=4096 num_pages=2
Thread 18: Waiting for haltcode file /tmp/haltcode to continue...
Thread 20, base=0x75aa98f6a000 page_size=4096 num_pages=2
Thread 19: Waiting for haltcode file /tmp/haltcode to continue...
Thread 21, base=0x75aa98f68000 page_size=4096 num_pages=2
Thread 20: Waiting for haltcode file /tmp/haltcode to continue...
Thread 22, base=0x75aa98f66000 page_size=4096 num_pages=2
Thread 21: Waiting for haltcode file /tmp/haltcode to continue...
Thread 23, base=0x75aa98f64000 page_size=4096 num_pages=2
Thread 22: Waiting for haltcode file /tmp/haltcode to continue...
Thread 23: Waiting for haltcode file /tmp/haltcode to continue...
Thread 24, base=0x75aa98f62000 page_size=4096 num_pages=2
Thread 25, base=0x75aa98f60000 page_size=4096 num_pages=2
Thread 24: Waiting for haltcode file /tmp/haltcode to continue...
Thread 26, base=0x75aa98f5e000 page_size=4096 num_pages=2
Thread 25: Waiting for haltcode file /tmp/haltcode to continue...
Thread 27, base=0x75aa98f5c000 page_size=4096 num_pages=2
Thread 26: Waiting for haltcode file /tmp/haltcode to continue...
Thread 28, base=0x75aa98f5a000 page_size=4096 num_pages=2
Thread 27: Waiting for haltcode file /tmp/haltcode to continue...
Thread 29, base=0x75aa98f58000 page_size=4096 num_pages=2
Thread 28: Waiting for haltcode file /tmp/haltcode to continue...
Thread 30, base=0x75aa98f56000 page_size=4096 num_pages=2
Thread 29: Waiting for haltcode file /tmp/haltcode to continue...
Thread 31, base=0x75aa98f54000 page_size=4096 num_pages=2
Thread 30: Waiting for haltcode file /tmp/haltcode to continue...
Thread 32, base=0x75aa98f52000 page_size=4096 num_pages=2
Thread 33, base=0x75aa98f50000 page_size=4096 num_pages=2
Thread 34, base=0x75aa98f4e000 page_size=4096 num_pages=2
Thread 35, base=0x75aa98f4c000 page_size=4096 num_pages=2
Thread 36, base=0x75aa98f4a000 page_size=4096 num_pages=2
Thread 37, base=0x75aa98f48000 page_size=4096 num_pages=2
Thread 38, base=0x75aa98f46000 page_size=4096 num_pages=2
Thread 31: Waiting for haltcode file /tmp/haltcode to continue...
Thread 36: Waiting for haltcode file /tmp/haltcode to continue...
Thread 35: Waiting for haltcode file /tmp/haltcode to continue...
Thread 37: Waiting for haltcode file /tmp/haltcode to continue...
Thread 39, base=0x75aa98f44000 page_size=4096 num_pages=2
Thread 40, base=0x75aa98f42000 page_size=4096 num_pages=2
Thread 41, base=0x75aa98f40000 page_size=4096 num_pages=2
Thread 42, base=0x75aa98f3e000 page_size=4096 num_pages=2
Thread 43, base=0x75aa98f3c000 page_size=4096 num_pages=2
Thread 44, base=0x75aa98f3a000 page_size=4096 num_pages=2
Thread 45, base=0x75aa98f38000 page_size=4096 num_pages=2
Thread 46, base=0x75aa98f36000 page_size=4096 num_pages=2
Thread 45: Waiting for haltcode file /tmp/haltcode to continue...
Thread 47, base=0x75aa98f34000 page_size=4096 num_pages=2
Thread 48, base=0x75aa98f32000 page_size=4096 num_pages=2
Thread 49, base=0x75aa98f30000 page_size=4096 num_pages=2
Thread 50, base=0x75aa98f2e000 page_size=4096 num_pages=2
Thread 51, base=0x75aa98f2c000 page_size=4096 num_pages=2
Thread 52, base=0x75aa98f2a000 page_size=4096 num_pages=2
Thread 53, base=0x75aa98f28000 page_size=4096 num_pages=2
Thread 54, base=0x75aa98f26000 page_size=4096 num_pages=2
Thread 55, base=0x75aa98f24000 page_size=4096 num_pages=2
Thread 56, base=0x75aa98f22000 page_size=4096 num_pages=2
Thread 57, base=0x75aa98f20000 page_size=4096 num_pages=2
Thread 40: Waiting for haltcode file /tmp/haltcode to continue...
Thread 42: Waiting for haltcode file /tmp/haltcode to continue...
Thread 48: Waiting for haltcode file /tmp/haltcode to continue...
Thread 51: Waiting for haltcode file /tmp/haltcode to continue...
Thread 57: Waiting for haltcode file /tmp/haltcode to continue...
Thread 58, base=0x75aa98f1e000 page_size=4096 num_pages=2
Thread 50: Waiting for haltcode file /tmp/haltcode to continue...
Thread 47: Waiting for haltcode file /tmp/haltcode to continue...
Thread 49: Waiting for haltcode file /tmp/haltcode to continue...
Thread 56: Waiting for haltcode file /tmp/haltcode to continue...
Thread 59, base=0x75aa98f1c000 page_size=4096 num_pages=2
Thread 60, base=0x75aa98f1a000 page_size=4096 num_pages=2
Thread 61, base=0x75aa98f18000 page_size=4096 num_pages=2
Thread 62, base=0x75aa98f16000 page_size=4096 num_pages=2
Thread 63, base=0x75aa98f14000 page_size=4096 num_pages=2
Thread 0: Waiting for haltcode file /tmp/haltcode to continue...
Thread 34: Waiting for haltcode file /tmp/haltcode to continue...
Thread 53: Waiting for haltcode file /tmp/haltcode to continue...
Thread 41: Waiting for haltcode file /tmp/haltcode to continue...
Thread 39: Waiting for haltcode file /tmp/haltcode to continue...
Thread 59: Waiting for haltcode file /tmp/haltcode to continue...
Thread 61: Waiting for haltcode file /tmp/haltcode to continue...
Thread 38: Waiting for haltcode file /tmp/haltcode to continue...
Thread 55: Waiting for haltcode file /tmp/haltcode to continue...
Thread 43: Waiting for haltcode file /tmp/haltcode to continue...
Thread 54: Waiting for haltcode file /tmp/haltcode to continue...
Thread 52: Waiting for haltcode file /tmp/haltcode to continue...
Thread 60: Waiting for haltcode file /tmp/haltcode to continue...
Thread 32: Waiting for haltcode file /tmp/haltcode to continue...
Thread 46: Waiting for haltcode file /tmp/haltcode to continue...
Thread 44: Waiting for haltcode file /tmp/haltcode to continue...
Thread 63: Waiting for haltcode file /tmp/haltcode to continue...
Thread 58: Waiting for haltcode file /tmp/haltcode to continue...
Thread 62: Waiting for haltcode file /tmp/haltcode to continue...
Thread 33: Waiting for haltcode file /tmp/haltcode to continue...
✅ Dump completed. Backing up images...
🚚 Transferring app and images to dsm_client...
✅ Transfer complete dsm_client
🚚 Transferring app and images to dsm_client2...
✅ Transfer complete dsm_client2
[2025-11-29 17:44:14] Checkpoint (dump) time: 9.580592520s
9.580592520,[2025-11-29 17:44:14] === Phase 2: snapshot distribution (one-time scp of backup) ===
[2025-11-29 17:44:14] Syncing app dir to client dsm_client...
[2025-11-29 17:44:15] Syncing app dir to client dsm_client2...
[2025-11-29 17:44:16] Distribution (scp app+backup) time: 1.337330263s
1.337330263,[2025-11-29 17:44:22] === Phase: rewrite (thread_filter_ranged.py on all nodes) ===
[2025-11-29 17:44:22] Server: filtering range 0-19
Selected threads (indices 0-19): [3132987, 3132989, 3132990, 3132991, 3132992, 3132993, 3132994, 3132995, 3132996, 3132997, 3132998, 3132999, 3133000, 3133001, 3133002, 3133003, 3133004, 3133005, 3133006, 3133007]
Old main PID: 3132987
New main PID: 3132987
✅ Injected TC from 3132987 into 3132987
✅ Updated pstree.img with new main PID and filtered threads
Renamed mm-3132987.img -> mm-3132987.img
Renamed ids-3132987.img -> ids-3132987.img
Renamed fs-3132987.img -> fs-3132987.img
Renamed pagemap-3132987.img -> pagemap-3132987.img
Removed unused core-3133008.img
Removed unused core-3133009.img
Removed unused core-3133010.img
Removed unused core-3133011.img
Removed unused core-3133012.img
Removed unused core-3133013.img
Removed unused core-3133014.img
Removed unused core-3133015.img
Removed unused core-3133016.img
Removed unused core-3133017.img
Removed unused core-3133018.img
Removed unused core-3133019.img
Removed unused core-3133020.img
Removed unused core-3133021.img
Removed unused core-3133022.img
Removed unused core-3133023.img
Removed unused core-3133024.img
Removed unused core-3133025.img
Removed unused core-3133026.img
Removed unused core-3133027.img
Removed unused core-3133028.img
Removed unused core-3133029.img
Removed unused core-3133030.img
Removed unused core-3133031.img
Removed unused core-3133032.img
Removed unused core-3133033.img
Removed unused core-3133034.img
Removed unused core-3133035.img
Removed unused core-3133036.img
Removed unused core-3133037.img
Removed unused core-3133038.img
Removed unused core-3133039.img
Removed unused core-3133040.img
Removed unused core-3133041.img
Removed unused core-3133042.img
Removed unused core-3133043.img
Removed unused core-3133044.img
Removed unused core-3133045.img
Removed unused core-3133046.img
Removed unused core-3133047.img
Removed unused core-3133048.img
Removed unused core-3133049.img
Removed unused core-3133050.img
Removed unused core-3133051.img

✅ Done.
   - New main: 3132987 (core-3132987.img)
   - Threads kept: [3132987, 3132989, 3132990, 3132991, 3132992, 3132993, 3132994, 3132995, 3132996, 3132997, 3132998, 3132999, 3133000, 3133001, 3133002, 3133003, 3133004, 3133005, 3133006, 3133007]
   - Renamed PID-dependent files
   - Injected TC from old main into new main
[2025-11-29 17:44:22] Client1 (dsm_client): filtering range 20-63
[2025-11-29 17:44:22] Rewrite time: .473031263s
.473031263,[2025-11-29 17:44:22] === Phase: restore for config 'split20_tcp' (proto=tcp, n_clients=1) ===,
histogram-dsm,split20_rdma,64,0-19,20-63,-,1,rdma,[2025-11-29 17:44:05] === Phase 1: checkpoint (dump) with phoenix.sh ===
🚀 Starting histogram-dsm ...
🧪 FFT started with PID 3132987
📦 Dumping with CRIU after 30s warm-up...
No need to swap
This file has 1406250002 bytes of image data, 468750000 pixels
Starting pthreads histogram
DSM detected, using DSM pthread_barrier
Num threads:64, pixels:598564736, iterations:1000, size of thread arg:6176
Thread 0, base=0x75aa98f92000 page_size=4096 num_pages=2
Thread 1, base=0x75aa98f90000 page_size=4096 num_pages=2
Thread 2, base=0x75aa98f8e000 page_size=4096 num_pages=2
Thread 1: Waiting for haltcode file /tmp/haltcode to continue...
Thread 3, base=0x75aa98f8c000 page_size=4096 num_pages=2
Thread 2: Waiting for haltcode file /tmp/haltcode to continue...
Thread 4, base=0x75aa98f8a000 page_size=4096 num_pages=2
Thread 3: Waiting for haltcode file /tmp/haltcode to continue...
Thread 5, base=0x75aa98f88000 page_size=4096 num_pages=2
Thread 4: Waiting for haltcode file /tmp/haltcode to continue...
Thread 6, base=0x75aa98f86000 page_size=4096 num_pages=2
Thread 5: Waiting for haltcode file /tmp/haltcode to continue...
Thread 7, base=0x75aa98f84000 page_size=4096 num_pages=2
Thread 6: Waiting for haltcode file /tmp/haltcode to continue...
Thread 8, base=0x75aa98f82000 page_size=4096 num_pages=2
Thread 7: Waiting for haltcode file /tmp/haltcode to continue...
Thread 9, base=0x75aa98f80000 page_size=4096 num_pages=2
Thread 8: Waiting for haltcode file /tmp/haltcode to continue...
Thread 10, base=0x75aa98f7e000 page_size=4096 num_pages=2
Thread 9: Waiting for haltcode file /tmp/haltcode to continue...
Thread 11, base=0x75aa98f7c000 page_size=4096 num_pages=2
Thread 10: Waiting for haltcode file /tmp/haltcode to continue...
Thread 12, base=0x75aa98f7a000 page_size=4096 num_pages=2
Thread 11: Waiting for haltcode file /tmp/haltcode to continue...
Thread 13, base=0x75aa98f78000 page_size=4096 num_pages=2
Thread 12: Waiting for haltcode file /tmp/haltcode to continue...
Thread 13: Waiting for haltcode file /tmp/haltcode to continue...
Thread 14, base=0x75aa98f76000 page_size=4096 num_pages=2
Thread 15, base=0x75aa98f74000 page_size=4096 num_pages=2
Thread 14: Waiting for haltcode file /tmp/haltcode to continue...
Thread 16, base=0x75aa98f72000 page_size=4096 num_pages=2
Thread 15: Waiting for haltcode file /tmp/haltcode to continue...
Thread 17, base=0x75aa98f70000 page_size=4096 num_pages=2
Thread 16: Waiting for haltcode file /tmp/haltcode to continue...
Thread 18, base=0x75aa98f6e000 page_size=4096 num_pages=2
Thread 17: Waiting for haltcode file /tmp/haltcode to continue...
Thread 19, base=0x75aa98f6c000 page_size=4096 num_pages=2
Thread 18: Waiting for haltcode file /tmp/haltcode to continue...
Thread 20, base=0x75aa98f6a000 page_size=4096 num_pages=2
Thread 19: Waiting for haltcode file /tmp/haltcode to continue...
Thread 21, base=0x75aa98f68000 page_size=4096 num_pages=2
Thread 20: Waiting for haltcode file /tmp/haltcode to continue...
Thread 22, base=0x75aa98f66000 page_size=4096 num_pages=2
Thread 21: Waiting for haltcode file /tmp/haltcode to continue...
Thread 23, base=0x75aa98f64000 page_size=4096 num_pages=2
Thread 22: Waiting for haltcode file /tmp/haltcode to continue...
Thread 23: Waiting for haltcode file /tmp/haltcode to continue...
Thread 24, base=0x75aa98f62000 page_size=4096 num_pages=2
Thread 25, base=0x75aa98f60000 page_size=4096 num_pages=2
Thread 24: Waiting for haltcode file /tmp/haltcode to continue...
Thread 26, base=0x75aa98f5e000 page_size=4096 num_pages=2
Thread 25: Waiting for haltcode file /tmp/haltcode to continue...
Thread 27, base=0x75aa98f5c000 page_size=4096 num_pages=2
Thread 26: Waiting for haltcode file /tmp/haltcode to continue...
Thread 28, base=0x75aa98f5a000 page_size=4096 num_pages=2
Thread 27: Waiting for haltcode file /tmp/haltcode to continue...
Thread 29, base=0x75aa98f58000 page_size=4096 num_pages=2
Thread 28: Waiting for haltcode file /tmp/haltcode to continue...
Thread 30, base=0x75aa98f56000 page_size=4096 num_pages=2
Thread 29: Waiting for haltcode file /tmp/haltcode to continue...
Thread 31, base=0x75aa98f54000 page_size=4096 num_pages=2
Thread 30: Waiting for haltcode file /tmp/haltcode to continue...
Thread 32, base=0x75aa98f52000 page_size=4096 num_pages=2
Thread 33, base=0x75aa98f50000 page_size=4096 num_pages=2
Thread 34, base=0x75aa98f4e000 page_size=4096 num_pages=2
Thread 35, base=0x75aa98f4c000 page_size=4096 num_pages=2
Thread 36, base=0x75aa98f4a000 page_size=4096 num_pages=2
Thread 37, base=0x75aa98f48000 page_size=4096 num_pages=2
Thread 38, base=0x75aa98f46000 page_size=4096 num_pages=2
Thread 31: Waiting for haltcode file /tmp/haltcode to continue...
Thread 36: Waiting for haltcode file /tmp/haltcode to continue...
Thread 35: Waiting for haltcode file /tmp/haltcode to continue...
Thread 37: Waiting for haltcode file /tmp/haltcode to continue...
Thread 39, base=0x75aa98f44000 page_size=4096 num_pages=2
Thread 40, base=0x75aa98f42000 page_size=4096 num_pages=2
Thread 41, base=0x75aa98f40000 page_size=4096 num_pages=2
Thread 42, base=0x75aa98f3e000 page_size=4096 num_pages=2
Thread 43, base=0x75aa98f3c000 page_size=4096 num_pages=2
Thread 44, base=0x75aa98f3a000 page_size=4096 num_pages=2
Thread 45, base=0x75aa98f38000 page_size=4096 num_pages=2
Thread 46, base=0x75aa98f36000 page_size=4096 num_pages=2
Thread 45: Waiting for haltcode file /tmp/haltcode to continue...
Thread 47, base=0x75aa98f34000 page_size=4096 num_pages=2
Thread 48, base=0x75aa98f32000 page_size=4096 num_pages=2
Thread 49, base=0x75aa98f30000 page_size=4096 num_pages=2
Thread 50, base=0x75aa98f2e000 page_size=4096 num_pages=2
Thread 51, base=0x75aa98f2c000 page_size=4096 num_pages=2
Thread 52, base=0x75aa98f2a000 page_size=4096 num_pages=2
Thread 53, base=0x75aa98f28000 page_size=4096 num_pages=2
Thread 54, base=0x75aa98f26000 page_size=4096 num_pages=2
Thread 55, base=0x75aa98f24000 page_size=4096 num_pages=2
Thread 56, base=0x75aa98f22000 page_size=4096 num_pages=2
Thread 57, base=0x75aa98f20000 page_size=4096 num_pages=2
Thread 40: Waiting for haltcode file /tmp/haltcode to continue...
Thread 42: Waiting for haltcode file /tmp/haltcode to continue...
Thread 48: Waiting for haltcode file /tmp/haltcode to continue...
Thread 51: Waiting for haltcode file /tmp/haltcode to continue...
Thread 57: Waiting for haltcode file /tmp/haltcode to continue...
Thread 58, base=0x75aa98f1e000 page_size=4096 num_pages=2
Thread 50: Waiting for haltcode file /tmp/haltcode to continue...
Thread 47: Waiting for haltcode file /tmp/haltcode to continue...
Thread 49: Waiting for haltcode file /tmp/haltcode to continue...
Thread 56: Waiting for haltcode file /tmp/haltcode to continue...
Thread 59, base=0x75aa98f1c000 page_size=4096 num_pages=2
Thread 60, base=0x75aa98f1a000 page_size=4096 num_pages=2
Thread 61, base=0x75aa98f18000 page_size=4096 num_pages=2
Thread 62, base=0x75aa98f16000 page_size=4096 num_pages=2
Thread 63, base=0x75aa98f14000 page_size=4096 num_pages=2
Thread 0: Waiting for haltcode file /tmp/haltcode to continue...
Thread 34: Waiting for haltcode file /tmp/haltcode to continue...
Thread 53: Waiting for haltcode file /tmp/haltcode to continue...
Thread 41: Waiting for haltcode file /tmp/haltcode to continue...
Thread 39: Waiting for haltcode file /tmp/haltcode to continue...
Thread 59: Waiting for haltcode file /tmp/haltcode to continue...
Thread 61: Waiting for haltcode file /tmp/haltcode to continue...
Thread 38: Waiting for haltcode file /tmp/haltcode to continue...
Thread 55: Waiting for haltcode file /tmp/haltcode to continue...
Thread 43: Waiting for haltcode file /tmp/haltcode to continue...
Thread 54: Waiting for haltcode file /tmp/haltcode to continue...
Thread 52: Waiting for haltcode file /tmp/haltcode to continue...
Thread 60: Waiting for haltcode file /tmp/haltcode to continue...
Thread 32: Waiting for haltcode file /tmp/haltcode to continue...
Thread 46: Waiting for haltcode file /tmp/haltcode to continue...
Thread 44: Waiting for haltcode file /tmp/haltcode to continue...
Thread 63: Waiting for haltcode file /tmp/haltcode to continue...
Thread 58: Waiting for haltcode file /tmp/haltcode to continue...
Thread 62: Waiting for haltcode file /tmp/haltcode to continue...
Thread 33: Waiting for haltcode file /tmp/haltcode to continue...
✅ Dump completed. Backing up images...
🚚 Transferring app and images to dsm_client...
✅ Transfer complete dsm_client
🚚 Transferring app and images to dsm_client2...
✅ Transfer complete dsm_client2
[2025-11-29 17:44:14] Checkpoint (dump) time: 9.580592520s
9.580592520,[2025-11-29 17:44:14] === Phase 2: snapshot distribution (one-time scp of backup) ===
[2025-11-29 17:44:14] Syncing app dir to client dsm_client...
[2025-11-29 17:44:15] Syncing app dir to client dsm_client2...
[2025-11-29 17:44:16] Distribution (scp app+backup) time: 1.337330263s
1.337330263,[2025-11-29 17:44:23] === Phase: rewrite (thread_filter_ranged.py on all nodes) ===
[2025-11-29 17:44:23] Server: filtering range 0-19
Selected threads (indices 0-19): [3132987, 3132989, 3132990, 3132991, 3132992, 3132993, 3132994, 3132995, 3132996, 3132997, 3132998, 3132999, 3133000, 3133001, 3133002, 3133003, 3133004, 3133005, 3133006, 3133007]
Old main PID: 3132987
New main PID: 3132987
✅ Injected TC from 3132987 into 3132987
✅ Updated pstree.img with new main PID and filtered threads
Renamed mm-3132987.img -> mm-3132987.img
Renamed ids-3132987.img -> ids-3132987.img
Renamed fs-3132987.img -> fs-3132987.img
Renamed pagemap-3132987.img -> pagemap-3132987.img
Removed unused core-3133008.img
Removed unused core-3133009.img
Removed unused core-3133010.img
Removed unused core-3133011.img
Removed unused core-3133012.img
Removed unused core-3133013.img
Removed unused core-3133014.img
Removed unused core-3133015.img
Removed unused core-3133016.img
Removed unused core-3133017.img
Removed unused core-3133018.img
Removed unused core-3133019.img
Removed unused core-3133020.img
Removed unused core-3133021.img
Removed unused core-3133022.img
Removed unused core-3133023.img
Removed unused core-3133024.img
Removed unused core-3133025.img
Removed unused core-3133026.img
Removed unused core-3133027.img
Removed unused core-3133028.img
Removed unused core-3133029.img
Removed unused core-3133030.img
Removed unused core-3133031.img
Removed unused core-3133032.img
Removed unused core-3133033.img
Removed unused core-3133034.img
Removed unused core-3133035.img
Removed unused core-3133036.img
Removed unused core-3133037.img
Removed unused core-3133038.img
Removed unused core-3133039.img
Removed unused core-3133040.img
Removed unused core-3133041.img
Removed unused core-3133042.img
Removed unused core-3133043.img
Removed unused core-3133044.img
Removed unused core-3133045.img
Removed unused core-3133046.img
Removed unused core-3133047.img
Removed unused core-3133048.img
Removed unused core-3133049.img
Removed unused core-3133050.img
Removed unused core-3133051.img

✅ Done.
   - New main: 3132987 (core-3132987.img)
   - Threads kept: [3132987, 3132989, 3132990, 3132991, 3132992, 3132993, 3132994, 3132995, 3132996, 3132997, 3132998, 3132999, 3133000, 3133001, 3133002, 3133003, 3133004, 3133005, 3133006, 3133007]
   - Renamed PID-dependent files
   - Injected TC from old main into new main
[2025-11-29 17:44:23] Client1 (dsm_client): filtering range 20-63
[2025-11-29 17:44:24] Rewrite time: .479789956s
.479789956,[2025-11-29 17:44:24] === Phase: restore for config 'split20_rdma' (proto=rdma, n_clients=1) ===,
histogram-dsm,base_tcp,64,0-63,-,-,0,tcp,[2025-11-29 17:52:59] === Phase 1: checkpoint (dump) ===
🚀 Starting histogram-dsm ...
🧪 FFT started with PID 3135239
📦 Dumping with CRIU after 30s warm-up...
No need to swap
This file has 1406250002 bytes of image data, 468750000 pixels
Starting pthreads histogram
DSM detected, using DSM pthread_barrier
Num threads:64, pixels:598564736, iterations:1000, size of thread arg:6176
Thread 0, base=0x75dc053bd000 page_size=4096 num_pages=2
Thread 1, base=0x75dc053bb000 page_size=4096 num_pages=2
Thread 2, base=0x75dc053b9000 page_size=4096 num_pages=2
Thread 1: Waiting for haltcode file /tmp/haltcode to continue...
Thread 3, base=0x75dc053b7000 page_size=4096 num_pages=2
Thread 2: Waiting for haltcode file /tmp/haltcode to continue...
Thread 4, base=0x75dc053b5000 page_size=4096 num_pages=2
Thread 3: Waiting for haltcode file /tmp/haltcode to continue...
Thread 5, base=0x75dc053b3000 page_size=4096 num_pages=2
Thread 4: Waiting for haltcode file /tmp/haltcode to continue...
Thread 5: Waiting for haltcode file /tmp/haltcode to continue...
Thread 6, base=0x75dc053b1000 page_size=4096 num_pages=2
Thread 7, base=0x75dc053af000 page_size=4096 num_pages=2
Thread 6: Waiting for haltcode file /tmp/haltcode to continue...
Thread 8, base=0x75dc053ad000 page_size=4096 num_pages=2
Thread 7: Waiting for haltcode file /tmp/haltcode to continue...
Thread 9, base=0x75dc053ab000 page_size=4096 num_pages=2
Thread 8: Waiting for haltcode file /tmp/haltcode to continue...
Thread 10, base=0x75dc053a9000 page_size=4096 num_pages=2
Thread 9: Waiting for haltcode file /tmp/haltcode to continue...
Thread 11, base=0x75dc053a7000 page_size=4096 num_pages=2
Thread 10: Waiting for haltcode file /tmp/haltcode to continue...
Thread 12, base=0x75dc053a5000 page_size=4096 num_pages=2
Thread 11: Waiting for haltcode file /tmp/haltcode to continue...
Thread 13, base=0x75dc053a3000 page_size=4096 num_pages=2
Thread 12: Waiting for haltcode file /tmp/haltcode to continue...
Thread 14, base=0x75dc053a1000 page_size=4096 num_pages=2
Thread 13: Waiting for haltcode file /tmp/haltcode to continue...
Thread 15, base=0x75dc0539f000 page_size=4096 num_pages=2
Thread 16, base=0x75dc0539d000 page_size=4096 num_pages=2
Thread 15: Waiting for haltcode file /tmp/haltcode to continue...
Thread 14: Waiting for haltcode file /tmp/haltcode to continue...
Thread 17, base=0x75dc0539b000 page_size=4096 num_pages=2
Thread 16: Waiting for haltcode file /tmp/haltcode to continue...
Thread 18, base=0x75dc05399000 page_size=4096 num_pages=2
Thread 17: Waiting for haltcode file /tmp/haltcode to continue...
Thread 19, base=0x75dc05397000 page_size=4096 num_pages=2
Thread 18: Waiting for haltcode file /tmp/haltcode to continue...
Thread 20, base=0x75dc05395000 page_size=4096 num_pages=2
Thread 19: Waiting for haltcode file /tmp/haltcode to continue...
Thread 21, base=0x75dc05393000 page_size=4096 num_pages=2
Thread 20: Waiting for haltcode file /tmp/haltcode to continue...
Thread 22, base=0x75dc05391000 page_size=4096 num_pages=2
Thread 21: Waiting for haltcode file /tmp/haltcode to continue...
Thread 23, base=0x75dc0538f000 page_size=4096 num_pages=2
Thread 22: Waiting for haltcode file /tmp/haltcode to continue...
Thread 24, base=0x75dc0538d000 page_size=4096 num_pages=2
Thread 23: Waiting for haltcode file /tmp/haltcode to continue...
Thread 25, base=0x75dc0538b000 page_size=4096 num_pages=2
Thread 24: Waiting for haltcode file /tmp/haltcode to continue...
Thread 26, base=0x75dc05389000 page_size=4096 num_pages=2
Thread 25: Waiting for haltcode file /tmp/haltcode to continue...
Thread 27, base=0x75dc05387000 page_size=4096 num_pages=2
Thread 26: Waiting for haltcode file /tmp/haltcode to continue...
Thread 28, base=0x75dc05385000 page_size=4096 num_pages=2
Thread 27: Waiting for haltcode file /tmp/haltcode to continue...
Thread 29, base=0x75dc05383000 page_size=4096 num_pages=2
Thread 28: Waiting for haltcode file /tmp/haltcode to continue...
Thread 30, base=0x75dc05381000 page_size=4096 num_pages=2
Thread 29: Waiting for haltcode file /tmp/haltcode to continue...
Thread 31, base=0x75dc0537f000 page_size=4096 num_pages=2
Thread 30: Waiting for haltcode file /tmp/haltcode to continue...
Thread 32, base=0x75dc0537d000 page_size=4096 num_pages=2
Thread 33, base=0x75dc0537b000 page_size=4096 num_pages=2
Thread 34, base=0x75dc05379000 page_size=4096 num_pages=2
Thread 35, base=0x75dc05377000 page_size=4096 num_pages=2
Thread 36, base=0x75dc05375000 page_size=4096 num_pages=2
Thread 37, base=0x75dc05373000 page_size=4096 num_pages=2
Thread 38, base=0x75dc05371000 page_size=4096 num_pages=2
Thread 39, base=0x75dc0536f000 page_size=4096 num_pages=2
Thread 40, base=0x75dc0536d000 page_size=4096 num_pages=2
Thread 41, base=0x75dc0536b000 page_size=4096 num_pages=2
Thread 42, base=0x75dc05369000 page_size=4096 num_pages=2
Thread 43, base=0x75dc05367000 page_size=4096 num_pages=2
Thread 44, base=0x75dc05365000 page_size=4096 num_pages=2
Thread 45, base=0x75dc05363000 page_size=4096 num_pages=2
Thread 46, base=0x75dc05361000 page_size=4096 num_pages=2
Thread 47, base=0x75dc0535f000 page_size=4096 num_pages=2
Thread 48, base=0x75dc0535d000 page_size=4096 num_pages=2
Thread 49, base=0x75dc0535b000 page_size=4096 num_pages=2
Thread 50, base=0x75dc05359000 page_size=4096 num_pages=2
Thread 51, base=0x75dc05357000 page_size=4096 num_pages=2
Thread 52, base=0x75dc05355000 page_size=4096 num_pages=2
Thread 53, base=0x75dc05353000 page_size=4096 num_pages=2
Thread 54, base=0x75dc05351000 page_size=4096 num_pages=2
Thread 55, base=0x75dc0534f000 page_size=4096 num_pages=2
Thread 56, base=0x75dc0534d000 page_size=4096 num_pages=2
Thread 57, base=0x75dc0534b000 page_size=4096 num_pages=2
Thread 58, base=0x75dc05349000 page_size=4096 num_pages=2
Thread 59, base=0x75dc05347000 page_size=4096 num_pages=2
Thread 60, base=0x75dc05345000 page_size=4096 num_pages=2
Thread 61, base=0x75dc05343000 page_size=4096 num_pages=2
Thread 62, base=0x75dc05341000 page_size=4096 num_pages=2
Thread 63, base=0x75dc0533f000 page_size=4096 num_pages=2
Thread 0: Waiting for haltcode file /tmp/haltcode to continue...
Thread 39: Waiting for haltcode file /tmp/haltcode to continue...
Thread 31: Waiting for haltcode file /tmp/haltcode to continue...
Thread 52: Waiting for haltcode file /tmp/haltcode to continue...
Thread 58: Waiting for haltcode file /tmp/haltcode to continue...
Thread 34: Waiting for haltcode file /tmp/haltcode to continue...
Thread 56: Waiting for haltcode file /tmp/haltcode to continue...
Thread 47: Waiting for haltcode file /tmp/haltcode to continue...
Thread 51: Waiting for haltcode file /tmp/haltcode to continue...
Thread 40: Waiting for haltcode file /tmp/haltcode to continue...
Thread 62: Waiting for haltcode file /tmp/haltcode to continue...
Thread 57: Waiting for haltcode file /tmp/haltcode to continue...
Thread 32: Waiting for haltcode file /tmp/haltcode to continue...
Thread 49: Waiting for haltcode file /tmp/haltcode to continue...
Thread 46: Waiting for haltcode file /tmp/haltcode to continue...
Thread 50: Waiting for haltcode file /tmp/haltcode to continue...
Thread 61: Waiting for haltcode file /tmp/haltcode to continue...
Thread 55: Waiting for haltcode file /tmp/haltcode to continue...
Thread 60: Waiting for haltcode file /tmp/haltcode to continue...
Thread 44: Waiting for haltcode file /tmp/haltcode to continue...
Thread 45: Waiting for haltcode file /tmp/haltcode to continue...
Thread 63: Waiting for haltcode file /tmp/haltcode to continue...
Thread 59: Waiting for haltcode file /tmp/haltcode to continue...
Thread 53: Waiting for haltcode file /tmp/haltcode to continue...
Thread 41: Waiting for haltcode file /tmp/haltcode to continue...
Thread 54: Waiting for haltcode file /tmp/haltcode to continue...
Thread 43: Waiting for haltcode file /tmp/haltcode to continue...
Thread 42: Waiting for haltcode file /tmp/haltcode to continue...
Thread 48: Waiting for haltcode file /tmp/haltcode to continue...
Thread 36: Waiting for haltcode file /tmp/haltcode to continue...
Thread 35: Waiting for haltcode file /tmp/haltcode to continue...
Thread 37: Waiting for haltcode file /tmp/haltcode to continue...
Thread 33: Waiting for haltcode file /tmp/haltcode to continue...
Thread 38: Waiting for haltcode file /tmp/haltcode to continue...
✅ Dump completed. Backing up images...
🚚 Transferring app and images to dsm_client...
✅ Transfer complete dsm_client
🚚 Transferring app and images to dsm_client2...
✅ Transfer complete dsm_client2
[2025-11-29 17:53:09] Dump time: 10.119909279
10.119909279,[2025-11-29 17:53:09] === Phase 2: distribution of backup ===
[2025-11-29 17:53:09] -> Copy to dsm_client
[2025-11-29 17:53:10] -> Copy to dsm_client2
[2025-11-29 17:53:11] Distribution time: 1.338257381
1.338257381,[2025-11-29 17:53:11] === Rewrite snapshots ===
[2025-11-29 17:53:11] Server: filter 0-63
Selected threads (indices 0-63): [3135239, 3135241, 3135242, 3135243, 3135244, 3135245, 3135246, 3135247, 3135248, 3135249, 3135250, 3135251, 3135252, 3135253, 3135254, 3135255, 3135256, 3135257, 3135258, 3135259, 3135260, 3135261, 3135262, 3135263, 3135264, 3135265, 3135266, 3135267, 3135268, 3135269, 3135270, 3135271, 3135272, 3135273, 3135274, 3135275, 3135276, 3135277, 3135278, 3135279, 3135280, 3135281, 3135282, 3135283, 3135284, 3135285, 3135286, 3135287, 3135288, 3135289, 3135290, 3135291, 3135292, 3135293, 3135294, 3135295, 3135296, 3135297, 3135298, 3135299, 3135300, 3135301, 3135302, 3135303]
Old main PID: 3135239
New main PID: 3135239
✅ Injected TC from 3135239 into 3135239
✅ Updated pstree.img with new main PID and filtered threads
Renamed mm-3135239.img -> mm-3135239.img
Renamed ids-3135239.img -> ids-3135239.img
Renamed fs-3135239.img -> fs-3135239.img
Renamed pagemap-3135239.img -> pagemap-3135239.img

✅ Done.
   - New main: 3135239 (core-3135239.img)
   - Threads kept: [3135239, 3135241, 3135242, 3135243, 3135244, 3135245, 3135246, 3135247, 3135248, 3135249, 3135250, 3135251, 3135252, 3135253, 3135254, 3135255, 3135256, 3135257, 3135258, 3135259, 3135260, 3135261, 3135262, 3135263, 3135264, 3135265, 3135266, 3135267, 3135268, 3135269, 3135270, 3135271, 3135272, 3135273, 3135274, 3135275, 3135276, 3135277, 3135278, 3135279, 3135280, 3135281, 3135282, 3135283, 3135284, 3135285, 3135286, 3135287, 3135288, 3135289, 3135290, 3135291, 3135292, 3135293, 3135294, 3135295, 3135296, 3135297, 3135298, 3135299, 3135300, 3135301, 3135302, 3135303]
   - Renamed PID-dependent files
   - Injected TC from old main into new main
[2025-11-29 17:53:11] Rewrite time: .084596989
.084596989,[2025-11-29 17:53:11] === Restore for config 'base_tcp' (clients=0, proto=tcp) ===,
histogram-dsm,base_rdma,64,0-63,-,-,0,rdma,[2025-11-29 17:52:59] === Phase 1: checkpoint (dump) ===
🚀 Starting histogram-dsm ...
🧪 FFT started with PID 3135239
📦 Dumping with CRIU after 30s warm-up...
No need to swap
This file has 1406250002 bytes of image data, 468750000 pixels
Starting pthreads histogram
DSM detected, using DSM pthread_barrier
Num threads:64, pixels:598564736, iterations:1000, size of thread arg:6176
Thread 0, base=0x75dc053bd000 page_size=4096 num_pages=2
Thread 1, base=0x75dc053bb000 page_size=4096 num_pages=2
Thread 2, base=0x75dc053b9000 page_size=4096 num_pages=2
Thread 1: Waiting for haltcode file /tmp/haltcode to continue...
Thread 3, base=0x75dc053b7000 page_size=4096 num_pages=2
Thread 2: Waiting for haltcode file /tmp/haltcode to continue...
Thread 4, base=0x75dc053b5000 page_size=4096 num_pages=2
Thread 3: Waiting for haltcode file /tmp/haltcode to continue...
Thread 5, base=0x75dc053b3000 page_size=4096 num_pages=2
Thread 4: Waiting for haltcode file /tmp/haltcode to continue...
Thread 5: Waiting for haltcode file /tmp/haltcode to continue...
Thread 6, base=0x75dc053b1000 page_size=4096 num_pages=2
Thread 7, base=0x75dc053af000 page_size=4096 num_pages=2
Thread 6: Waiting for haltcode file /tmp/haltcode to continue...
Thread 8, base=0x75dc053ad000 page_size=4096 num_pages=2
Thread 7: Waiting for haltcode file /tmp/haltcode to continue...
Thread 9, base=0x75dc053ab000 page_size=4096 num_pages=2
Thread 8: Waiting for haltcode file /tmp/haltcode to continue...
Thread 10, base=0x75dc053a9000 page_size=4096 num_pages=2
Thread 9: Waiting for haltcode file /tmp/haltcode to continue...
Thread 11, base=0x75dc053a7000 page_size=4096 num_pages=2
Thread 10: Waiting for haltcode file /tmp/haltcode to continue...
Thread 12, base=0x75dc053a5000 page_size=4096 num_pages=2
Thread 11: Waiting for haltcode file /tmp/haltcode to continue...
Thread 13, base=0x75dc053a3000 page_size=4096 num_pages=2
Thread 12: Waiting for haltcode file /tmp/haltcode to continue...
Thread 14, base=0x75dc053a1000 page_size=4096 num_pages=2
Thread 13: Waiting for haltcode file /tmp/haltcode to continue...
Thread 15, base=0x75dc0539f000 page_size=4096 num_pages=2
Thread 16, base=0x75dc0539d000 page_size=4096 num_pages=2
Thread 15: Waiting for haltcode file /tmp/haltcode to continue...
Thread 14: Waiting for haltcode file /tmp/haltcode to continue...
Thread 17, base=0x75dc0539b000 page_size=4096 num_pages=2
Thread 16: Waiting for haltcode file /tmp/haltcode to continue...
Thread 18, base=0x75dc05399000 page_size=4096 num_pages=2
Thread 17: Waiting for haltcode file /tmp/haltcode to continue...
Thread 19, base=0x75dc05397000 page_size=4096 num_pages=2
Thread 18: Waiting for haltcode file /tmp/haltcode to continue...
Thread 20, base=0x75dc05395000 page_size=4096 num_pages=2
Thread 19: Waiting for haltcode file /tmp/haltcode to continue...
Thread 21, base=0x75dc05393000 page_size=4096 num_pages=2
Thread 20: Waiting for haltcode file /tmp/haltcode to continue...
Thread 22, base=0x75dc05391000 page_size=4096 num_pages=2
Thread 21: Waiting for haltcode file /tmp/haltcode to continue...
Thread 23, base=0x75dc0538f000 page_size=4096 num_pages=2
Thread 22: Waiting for haltcode file /tmp/haltcode to continue...
Thread 24, base=0x75dc0538d000 page_size=4096 num_pages=2
Thread 23: Waiting for haltcode file /tmp/haltcode to continue...
Thread 25, base=0x75dc0538b000 page_size=4096 num_pages=2
Thread 24: Waiting for haltcode file /tmp/haltcode to continue...
Thread 26, base=0x75dc05389000 page_size=4096 num_pages=2
Thread 25: Waiting for haltcode file /tmp/haltcode to continue...
Thread 27, base=0x75dc05387000 page_size=4096 num_pages=2
Thread 26: Waiting for haltcode file /tmp/haltcode to continue...
Thread 28, base=0x75dc05385000 page_size=4096 num_pages=2
Thread 27: Waiting for haltcode file /tmp/haltcode to continue...
Thread 29, base=0x75dc05383000 page_size=4096 num_pages=2
Thread 28: Waiting for haltcode file /tmp/haltcode to continue...
Thread 30, base=0x75dc05381000 page_size=4096 num_pages=2
Thread 29: Waiting for haltcode file /tmp/haltcode to continue...
Thread 31, base=0x75dc0537f000 page_size=4096 num_pages=2
Thread 30: Waiting for haltcode file /tmp/haltcode to continue...
Thread 32, base=0x75dc0537d000 page_size=4096 num_pages=2
Thread 33, base=0x75dc0537b000 page_size=4096 num_pages=2
Thread 34, base=0x75dc05379000 page_size=4096 num_pages=2
Thread 35, base=0x75dc05377000 page_size=4096 num_pages=2
Thread 36, base=0x75dc05375000 page_size=4096 num_pages=2
Thread 37, base=0x75dc05373000 page_size=4096 num_pages=2
Thread 38, base=0x75dc05371000 page_size=4096 num_pages=2
Thread 39, base=0x75dc0536f000 page_size=4096 num_pages=2
Thread 40, base=0x75dc0536d000 page_size=4096 num_pages=2
Thread 41, base=0x75dc0536b000 page_size=4096 num_pages=2
Thread 42, base=0x75dc05369000 page_size=4096 num_pages=2
Thread 43, base=0x75dc05367000 page_size=4096 num_pages=2
Thread 44, base=0x75dc05365000 page_size=4096 num_pages=2
Thread 45, base=0x75dc05363000 page_size=4096 num_pages=2
Thread 46, base=0x75dc05361000 page_size=4096 num_pages=2
Thread 47, base=0x75dc0535f000 page_size=4096 num_pages=2
Thread 48, base=0x75dc0535d000 page_size=4096 num_pages=2
Thread 49, base=0x75dc0535b000 page_size=4096 num_pages=2
Thread 50, base=0x75dc05359000 page_size=4096 num_pages=2
Thread 51, base=0x75dc05357000 page_size=4096 num_pages=2
Thread 52, base=0x75dc05355000 page_size=4096 num_pages=2
Thread 53, base=0x75dc05353000 page_size=4096 num_pages=2
Thread 54, base=0x75dc05351000 page_size=4096 num_pages=2
Thread 55, base=0x75dc0534f000 page_size=4096 num_pages=2
Thread 56, base=0x75dc0534d000 page_size=4096 num_pages=2
Thread 57, base=0x75dc0534b000 page_size=4096 num_pages=2
Thread 58, base=0x75dc05349000 page_size=4096 num_pages=2
Thread 59, base=0x75dc05347000 page_size=4096 num_pages=2
Thread 60, base=0x75dc05345000 page_size=4096 num_pages=2
Thread 61, base=0x75dc05343000 page_size=4096 num_pages=2
Thread 62, base=0x75dc05341000 page_size=4096 num_pages=2
Thread 63, base=0x75dc0533f000 page_size=4096 num_pages=2
Thread 0: Waiting for haltcode file /tmp/haltcode to continue...
Thread 39: Waiting for haltcode file /tmp/haltcode to continue...
Thread 31: Waiting for haltcode file /tmp/haltcode to continue...
Thread 52: Waiting for haltcode file /tmp/haltcode to continue...
Thread 58: Waiting for haltcode file /tmp/haltcode to continue...
Thread 34: Waiting for haltcode file /tmp/haltcode to continue...
Thread 56: Waiting for haltcode file /tmp/haltcode to continue...
Thread 47: Waiting for haltcode file /tmp/haltcode to continue...
Thread 51: Waiting for haltcode file /tmp/haltcode to continue...
Thread 40: Waiting for haltcode file /tmp/haltcode to continue...
Thread 62: Waiting for haltcode file /tmp/haltcode to continue...
Thread 57: Waiting for haltcode file /tmp/haltcode to continue...
Thread 32: Waiting for haltcode file /tmp/haltcode to continue...
Thread 49: Waiting for haltcode file /tmp/haltcode to continue...
Thread 46: Waiting for haltcode file /tmp/haltcode to continue...
Thread 50: Waiting for haltcode file /tmp/haltcode to continue...
Thread 61: Waiting for haltcode file /tmp/haltcode to continue...
Thread 55: Waiting for haltcode file /tmp/haltcode to continue...
Thread 60: Waiting for haltcode file /tmp/haltcode to continue...
Thread 44: Waiting for haltcode file /tmp/haltcode to continue...
Thread 45: Waiting for haltcode file /tmp/haltcode to continue...
Thread 63: Waiting for haltcode file /tmp/haltcode to continue...
Thread 59: Waiting for haltcode file /tmp/haltcode to continue...
Thread 53: Waiting for haltcode file /tmp/haltcode to continue...
Thread 41: Waiting for haltcode file /tmp/haltcode to continue...
Thread 54: Waiting for haltcode file /tmp/haltcode to continue...
Thread 43: Waiting for haltcode file /tmp/haltcode to continue...
Thread 42: Waiting for haltcode file /tmp/haltcode to continue...
Thread 48: Waiting for haltcode file /tmp/haltcode to continue...
Thread 36: Waiting for haltcode file /tmp/haltcode to continue...
Thread 35: Waiting for haltcode file /tmp/haltcode to continue...
Thread 37: Waiting for haltcode file /tmp/haltcode to continue...
Thread 33: Waiting for haltcode file /tmp/haltcode to continue...
Thread 38: Waiting for haltcode file /tmp/haltcode to continue...
✅ Dump completed. Backing up images...
🚚 Transferring app and images to dsm_client...
✅ Transfer complete dsm_client
🚚 Transferring app and images to dsm_client2...
✅ Transfer complete dsm_client2
[2025-11-29 17:53:09] Dump time: 10.119909279
10.119909279,[2025-11-29 17:53:09] === Phase 2: distribution of backup ===
[2025-11-29 17:53:09] -> Copy to dsm_client
[2025-11-29 17:53:10] -> Copy to dsm_client2
[2025-11-29 17:53:11] Distribution time: 1.338257381
1.338257381,[2025-11-29 17:53:12] === Rewrite snapshots ===
[2025-11-29 17:53:12] Server: filter 0-63
Selected threads (indices 0-63): [3135239, 3135241, 3135242, 3135243, 3135244, 3135245, 3135246, 3135247, 3135248, 3135249, 3135250, 3135251, 3135252, 3135253, 3135254, 3135255, 3135256, 3135257, 3135258, 3135259, 3135260, 3135261, 3135262, 3135263, 3135264, 3135265, 3135266, 3135267, 3135268, 3135269, 3135270, 3135271, 3135272, 3135273, 3135274, 3135275, 3135276, 3135277, 3135278, 3135279, 3135280, 3135281, 3135282, 3135283, 3135284, 3135285, 3135286, 3135287, 3135288, 3135289, 3135290, 3135291, 3135292, 3135293, 3135294, 3135295, 3135296, 3135297, 3135298, 3135299, 3135300, 3135301, 3135302, 3135303]
Old main PID: 3135239
New main PID: 3135239
✅ Injected TC from 3135239 into 3135239
✅ Updated pstree.img with new main PID and filtered threads
Renamed mm-3135239.img -> mm-3135239.img
Renamed ids-3135239.img -> ids-3135239.img
Renamed fs-3135239.img -> fs-3135239.img
Renamed pagemap-3135239.img -> pagemap-3135239.img

✅ Done.
   - New main: 3135239 (core-3135239.img)
   - Threads kept: [3135239, 3135241, 3135242, 3135243, 3135244, 3135245, 3135246, 3135247, 3135248, 3135249, 3135250, 3135251, 3135252, 3135253, 3135254, 3135255, 3135256, 3135257, 3135258, 3135259, 3135260, 3135261, 3135262, 3135263, 3135264, 3135265, 3135266, 3135267, 3135268, 3135269, 3135270, 3135271, 3135272, 3135273, 3135274, 3135275, 3135276, 3135277, 3135278, 3135279, 3135280, 3135281, 3135282, 3135283, 3135284, 3135285, 3135286, 3135287, 3135288, 3135289, 3135290, 3135291, 3135292, 3135293, 3135294, 3135295, 3135296, 3135297, 3135298, 3135299, 3135300, 3135301, 3135302, 3135303]
   - Renamed PID-dependent files
   - Injected TC from old main into new main
[2025-11-29 17:53:12] Rewrite time: .084173668
.084173668,[2025-11-29 17:53:12] === Restore for config 'base_rdma' (clients=0, proto=rdma) ===,
histogram-dsm,split32_tcp,64,0-31,32-63,-,1,tcp,[2025-11-29 17:52:59] === Phase 1: checkpoint (dump) ===
🚀 Starting histogram-dsm ...
🧪 FFT started with PID 3135239
📦 Dumping with CRIU after 30s warm-up...
No need to swap
This file has 1406250002 bytes of image data, 468750000 pixels
Starting pthreads histogram
DSM detected, using DSM pthread_barrier
Num threads:64, pixels:598564736, iterations:1000, size of thread arg:6176
Thread 0, base=0x75dc053bd000 page_size=4096 num_pages=2
Thread 1, base=0x75dc053bb000 page_size=4096 num_pages=2
Thread 2, base=0x75dc053b9000 page_size=4096 num_pages=2
Thread 1: Waiting for haltcode file /tmp/haltcode to continue...
Thread 3, base=0x75dc053b7000 page_size=4096 num_pages=2
Thread 2: Waiting for haltcode file /tmp/haltcode to continue...
Thread 4, base=0x75dc053b5000 page_size=4096 num_pages=2
Thread 3: Waiting for haltcode file /tmp/haltcode to continue...
Thread 5, base=0x75dc053b3000 page_size=4096 num_pages=2
Thread 4: Waiting for haltcode file /tmp/haltcode to continue...
Thread 5: Waiting for haltcode file /tmp/haltcode to continue...
Thread 6, base=0x75dc053b1000 page_size=4096 num_pages=2
Thread 7, base=0x75dc053af000 page_size=4096 num_pages=2
Thread 6: Waiting for haltcode file /tmp/haltcode to continue...
Thread 8, base=0x75dc053ad000 page_size=4096 num_pages=2
Thread 7: Waiting for haltcode file /tmp/haltcode to continue...
Thread 9, base=0x75dc053ab000 page_size=4096 num_pages=2
Thread 8: Waiting for haltcode file /tmp/haltcode to continue...
Thread 10, base=0x75dc053a9000 page_size=4096 num_pages=2
Thread 9: Waiting for haltcode file /tmp/haltcode to continue...
Thread 11, base=0x75dc053a7000 page_size=4096 num_pages=2
Thread 10: Waiting for haltcode file /tmp/haltcode to continue...
Thread 12, base=0x75dc053a5000 page_size=4096 num_pages=2
Thread 11: Waiting for haltcode file /tmp/haltcode to continue...
Thread 13, base=0x75dc053a3000 page_size=4096 num_pages=2
Thread 12: Waiting for haltcode file /tmp/haltcode to continue...
Thread 14, base=0x75dc053a1000 page_size=4096 num_pages=2
Thread 13: Waiting for haltcode file /tmp/haltcode to continue...
Thread 15, base=0x75dc0539f000 page_size=4096 num_pages=2
Thread 16, base=0x75dc0539d000 page_size=4096 num_pages=2
Thread 15: Waiting for haltcode file /tmp/haltcode to continue...
Thread 14: Waiting for haltcode file /tmp/haltcode to continue...
Thread 17, base=0x75dc0539b000 page_size=4096 num_pages=2
Thread 16: Waiting for haltcode file /tmp/haltcode to continue...
Thread 18, base=0x75dc05399000 page_size=4096 num_pages=2
Thread 17: Waiting for haltcode file /tmp/haltcode to continue...
Thread 19, base=0x75dc05397000 page_size=4096 num_pages=2
Thread 18: Waiting for haltcode file /tmp/haltcode to continue...
Thread 20, base=0x75dc05395000 page_size=4096 num_pages=2
Thread 19: Waiting for haltcode file /tmp/haltcode to continue...
Thread 21, base=0x75dc05393000 page_size=4096 num_pages=2
Thread 20: Waiting for haltcode file /tmp/haltcode to continue...
Thread 22, base=0x75dc05391000 page_size=4096 num_pages=2
Thread 21: Waiting for haltcode file /tmp/haltcode to continue...
Thread 23, base=0x75dc0538f000 page_size=4096 num_pages=2
Thread 22: Waiting for haltcode file /tmp/haltcode to continue...
Thread 24, base=0x75dc0538d000 page_size=4096 num_pages=2
Thread 23: Waiting for haltcode file /tmp/haltcode to continue...
Thread 25, base=0x75dc0538b000 page_size=4096 num_pages=2
Thread 24: Waiting for haltcode file /tmp/haltcode to continue...
Thread 26, base=0x75dc05389000 page_size=4096 num_pages=2
Thread 25: Waiting for haltcode file /tmp/haltcode to continue...
Thread 27, base=0x75dc05387000 page_size=4096 num_pages=2
Thread 26: Waiting for haltcode file /tmp/haltcode to continue...
Thread 28, base=0x75dc05385000 page_size=4096 num_pages=2
Thread 27: Waiting for haltcode file /tmp/haltcode to continue...
Thread 29, base=0x75dc05383000 page_size=4096 num_pages=2
Thread 28: Waiting for haltcode file /tmp/haltcode to continue...
Thread 30, base=0x75dc05381000 page_size=4096 num_pages=2
Thread 29: Waiting for haltcode file /tmp/haltcode to continue...
Thread 31, base=0x75dc0537f000 page_size=4096 num_pages=2
Thread 30: Waiting for haltcode file /tmp/haltcode to continue...
Thread 32, base=0x75dc0537d000 page_size=4096 num_pages=2
Thread 33, base=0x75dc0537b000 page_size=4096 num_pages=2
Thread 34, base=0x75dc05379000 page_size=4096 num_pages=2
Thread 35, base=0x75dc05377000 page_size=4096 num_pages=2
Thread 36, base=0x75dc05375000 page_size=4096 num_pages=2
Thread 37, base=0x75dc05373000 page_size=4096 num_pages=2
Thread 38, base=0x75dc05371000 page_size=4096 num_pages=2
Thread 39, base=0x75dc0536f000 page_size=4096 num_pages=2
Thread 40, base=0x75dc0536d000 page_size=4096 num_pages=2
Thread 41, base=0x75dc0536b000 page_size=4096 num_pages=2
Thread 42, base=0x75dc05369000 page_size=4096 num_pages=2
Thread 43, base=0x75dc05367000 page_size=4096 num_pages=2
Thread 44, base=0x75dc05365000 page_size=4096 num_pages=2
Thread 45, base=0x75dc05363000 page_size=4096 num_pages=2
Thread 46, base=0x75dc05361000 page_size=4096 num_pages=2
Thread 47, base=0x75dc0535f000 page_size=4096 num_pages=2
Thread 48, base=0x75dc0535d000 page_size=4096 num_pages=2
Thread 49, base=0x75dc0535b000 page_size=4096 num_pages=2
Thread 50, base=0x75dc05359000 page_size=4096 num_pages=2
Thread 51, base=0x75dc05357000 page_size=4096 num_pages=2
Thread 52, base=0x75dc05355000 page_size=4096 num_pages=2
Thread 53, base=0x75dc05353000 page_size=4096 num_pages=2
Thread 54, base=0x75dc05351000 page_size=4096 num_pages=2
Thread 55, base=0x75dc0534f000 page_size=4096 num_pages=2
Thread 56, base=0x75dc0534d000 page_size=4096 num_pages=2
Thread 57, base=0x75dc0534b000 page_size=4096 num_pages=2
Thread 58, base=0x75dc05349000 page_size=4096 num_pages=2
Thread 59, base=0x75dc05347000 page_size=4096 num_pages=2
Thread 60, base=0x75dc05345000 page_size=4096 num_pages=2
Thread 61, base=0x75dc05343000 page_size=4096 num_pages=2
Thread 62, base=0x75dc05341000 page_size=4096 num_pages=2
Thread 63, base=0x75dc0533f000 page_size=4096 num_pages=2
Thread 0: Waiting for haltcode file /tmp/haltcode to continue...
Thread 39: Waiting for haltcode file /tmp/haltcode to continue...
Thread 31: Waiting for haltcode file /tmp/haltcode to continue...
Thread 52: Waiting for haltcode file /tmp/haltcode to continue...
Thread 58: Waiting for haltcode file /tmp/haltcode to continue...
Thread 34: Waiting for haltcode file /tmp/haltcode to continue...
Thread 56: Waiting for haltcode file /tmp/haltcode to continue...
Thread 47: Waiting for haltcode file /tmp/haltcode to continue...
Thread 51: Waiting for haltcode file /tmp/haltcode to continue...
Thread 40: Waiting for haltcode file /tmp/haltcode to continue...
Thread 62: Waiting for haltcode file /tmp/haltcode to continue...
Thread 57: Waiting for haltcode file /tmp/haltcode to continue...
Thread 32: Waiting for haltcode file /tmp/haltcode to continue...
Thread 49: Waiting for haltcode file /tmp/haltcode to continue...
Thread 46: Waiting for haltcode file /tmp/haltcode to continue...
Thread 50: Waiting for haltcode file /tmp/haltcode to continue...
Thread 61: Waiting for haltcode file /tmp/haltcode to continue...
Thread 55: Waiting for haltcode file /tmp/haltcode to continue...
Thread 60: Waiting for haltcode file /tmp/haltcode to continue...
Thread 44: Waiting for haltcode file /tmp/haltcode to continue...
Thread 45: Waiting for haltcode file /tmp/haltcode to continue...
Thread 63: Waiting for haltcode file /tmp/haltcode to continue...
Thread 59: Waiting for haltcode file /tmp/haltcode to continue...
Thread 53: Waiting for haltcode file /tmp/haltcode to continue...
Thread 41: Waiting for haltcode file /tmp/haltcode to continue...
Thread 54: Waiting for haltcode file /tmp/haltcode to continue...
Thread 43: Waiting for haltcode file /tmp/haltcode to continue...
Thread 42: Waiting for haltcode file /tmp/haltcode to continue...
Thread 48: Waiting for haltcode file /tmp/haltcode to continue...
Thread 36: Waiting for haltcode file /tmp/haltcode to continue...
Thread 35: Waiting for haltcode file /tmp/haltcode to continue...
Thread 37: Waiting for haltcode file /tmp/haltcode to continue...
Thread 33: Waiting for haltcode file /tmp/haltcode to continue...
Thread 38: Waiting for haltcode file /tmp/haltcode to continue...
✅ Dump completed. Backing up images...
🚚 Transferring app and images to dsm_client...
✅ Transfer complete dsm_client
🚚 Transferring app and images to dsm_client2...
✅ Transfer complete dsm_client2
[2025-11-29 17:53:09] Dump time: 10.119909279
10.119909279,[2025-11-29 17:53:09] === Phase 2: distribution of backup ===
[2025-11-29 17:53:09] -> Copy to dsm_client
[2025-11-29 17:53:10] -> Copy to dsm_client2
[2025-11-29 17:53:11] Distribution time: 1.338257381
1.338257381,[2025-11-29 17:53:12] === Rewrite snapshots ===
[2025-11-29 17:53:12] Server: filter 0-31
Selected threads (indices 0-31): [3135239, 3135241, 3135242, 3135243, 3135244, 3135245, 3135246, 3135247, 3135248, 3135249, 3135250, 3135251, 3135252, 3135253, 3135254, 3135255, 3135256, 3135257, 3135258, 3135259, 3135260, 3135261, 3135262, 3135263, 3135264, 3135265, 3135266, 3135267, 3135268, 3135269, 3135270, 3135271]
Old main PID: 3135239
New main PID: 3135239
✅ Injected TC from 3135239 into 3135239
✅ Updated pstree.img with new main PID and filtered threads
Renamed mm-3135239.img -> mm-3135239.img
Renamed ids-3135239.img -> ids-3135239.img
Renamed fs-3135239.img -> fs-3135239.img
Renamed pagemap-3135239.img -> pagemap-3135239.img
Removed unused core-3135272.img
Removed unused core-3135273.img
Removed unused core-3135274.img
Removed unused core-3135275.img
Removed unused core-3135276.img
Removed unused core-3135277.img
Removed unused core-3135278.img
Removed unused core-3135279.img
Removed unused core-3135280.img
Removed unused core-3135281.img
Removed unused core-3135282.img
Removed unused core-3135283.img
Removed unused core-3135284.img
Removed unused core-3135285.img
Removed unused core-3135286.img
Removed unused core-3135287.img
Removed unused core-3135288.img
Removed unused core-3135289.img
Removed unused core-3135290.img
Removed unused core-3135291.img
Removed unused core-3135292.img
Removed unused core-3135293.img
Removed unused core-3135294.img
Removed unused core-3135295.img
Removed unused core-3135296.img
Removed unused core-3135297.img
Removed unused core-3135298.img
Removed unused core-3135299.img
Removed unused core-3135300.img
Removed unused core-3135301.img
Removed unused core-3135302.img
Removed unused core-3135303.img

✅ Done.
   - New main: 3135239 (core-3135239.img)
   - Threads kept: [3135239, 3135241, 3135242, 3135243, 3135244, 3135245, 3135246, 3135247, 3135248, 3135249, 3135250, 3135251, 3135252, 3135253, 3135254, 3135255, 3135256, 3135257, 3135258, 3135259, 3135260, 3135261, 3135262, 3135263, 3135264, 3135265, 3135266, 3135267, 3135268, 3135269, 3135270, 3135271]
   - Renamed PID-dependent files
   - Injected TC from old main into new main
[2025-11-29 17:53:12] Client 1 (dsm_client): filter 32-63
Selected threads (indices 32-63): [3135272, 3135273, 3135274, 3135275, 3135276, 3135277, 3135278, 3135279, 3135280, 3135281, 3135282, 3135283, 3135284, 3135285, 3135286, 3135287, 3135288, 3135289, 3135290, 3135291, 3135292, 3135293, 3135294, 3135295, 3135296, 3135297, 3135298, 3135299, 3135300, 3135301, 3135302, 3135303]
Old main PID: 3135239
New main PID: 3135272
✅ Injected TC from 3135239 into 3135272
✅ Updated pstree.img with new main PID and filtered threads
Renamed mm-3135239.img -> mm-3135272.img
Renamed ids-3135239.img -> ids-3135272.img
Renamed fs-3135239.img -> fs-3135272.img
Renamed pagemap-3135239.img -> pagemap-3135272.img
Removed unused core-3135239.img
Removed unused core-3135241.img
Removed unused core-3135242.img
Removed unused core-3135243.img
Removed unused core-3135244.img
Removed unused core-3135245.img
Removed unused core-3135246.img
Removed unused core-3135247.img
Removed unused core-3135248.img
Removed unused core-3135249.img
Removed unused core-3135250.img
Removed unused core-3135251.img
Removed unused core-3135252.img
Removed unused core-3135253.img
Removed unused core-3135254.img
Removed unused core-3135255.img
Removed unused core-3135256.img
Removed unused core-3135257.img
Removed unused core-3135258.img
Removed unused core-3135259.img
Removed unused core-3135260.img
Removed unused core-3135261.img
Removed unused core-3135262.img
Removed unused core-3135263.img
Removed unused core-3135264.img
Removed unused core-3135265.img
Removed unused core-3135266.img
Removed unused core-3135267.img
Removed unused core-3135268.img
Removed unused core-3135269.img
Removed unused core-3135270.img
Removed unused core-3135271.img

✅ Done.
   - New main: 3135272 (core-3135239.img)
   - Threads kept: [3135272, 3135273, 3135274, 3135275, 3135276, 3135277, 3135278, 3135279, 3135280, 3135281, 3135282, 3135283, 3135284, 3135285, 3135286, 3135287, 3135288, 3135289, 3135290, 3135291, 3135292, 3135293, 3135294, 3135295, 3135296, 3135297, 3135298, 3135299, 3135300, 3135301, 3135302, 3135303]
   - Renamed PID-dependent files
   - Injected TC from old main into new main
[2025-11-29 17:53:13] Rewrite time: .450307760
.450307760,[2025-11-29 17:53:13] === Restore for config 'split32_tcp' (clients=1, proto=tcp) ===,
histogram-dsm,split32_rdma,64,0-31,32-63,-,1,rdma,[2025-11-29 17:52:59] === Phase 1: checkpoint (dump) ===
🚀 Starting histogram-dsm ...
🧪 FFT started with PID 3135239
📦 Dumping with CRIU after 30s warm-up...
No need to swap
This file has 1406250002 bytes of image data, 468750000 pixels
Starting pthreads histogram
DSM detected, using DSM pthread_barrier
Num threads:64, pixels:598564736, iterations:1000, size of thread arg:6176
Thread 0, base=0x75dc053bd000 page_size=4096 num_pages=2
Thread 1, base=0x75dc053bb000 page_size=4096 num_pages=2
Thread 2, base=0x75dc053b9000 page_size=4096 num_pages=2
Thread 1: Waiting for haltcode file /tmp/haltcode to continue...
Thread 3, base=0x75dc053b7000 page_size=4096 num_pages=2
Thread 2: Waiting for haltcode file /tmp/haltcode to continue...
Thread 4, base=0x75dc053b5000 page_size=4096 num_pages=2
Thread 3: Waiting for haltcode file /tmp/haltcode to continue...
Thread 5, base=0x75dc053b3000 page_size=4096 num_pages=2
Thread 4: Waiting for haltcode file /tmp/haltcode to continue...
Thread 5: Waiting for haltcode file /tmp/haltcode to continue...
Thread 6, base=0x75dc053b1000 page_size=4096 num_pages=2
Thread 7, base=0x75dc053af000 page_size=4096 num_pages=2
Thread 6: Waiting for haltcode file /tmp/haltcode to continue...
Thread 8, base=0x75dc053ad000 page_size=4096 num_pages=2
Thread 7: Waiting for haltcode file /tmp/haltcode to continue...
Thread 9, base=0x75dc053ab000 page_size=4096 num_pages=2
Thread 8: Waiting for haltcode file /tmp/haltcode to continue...
Thread 10, base=0x75dc053a9000 page_size=4096 num_pages=2
Thread 9: Waiting for haltcode file /tmp/haltcode to continue...
Thread 11, base=0x75dc053a7000 page_size=4096 num_pages=2
Thread 10: Waiting for haltcode file /tmp/haltcode to continue...
Thread 12, base=0x75dc053a5000 page_size=4096 num_pages=2
Thread 11: Waiting for haltcode file /tmp/haltcode to continue...
Thread 13, base=0x75dc053a3000 page_size=4096 num_pages=2
Thread 12: Waiting for haltcode file /tmp/haltcode to continue...
Thread 14, base=0x75dc053a1000 page_size=4096 num_pages=2
Thread 13: Waiting for haltcode file /tmp/haltcode to continue...
Thread 15, base=0x75dc0539f000 page_size=4096 num_pages=2
Thread 16, base=0x75dc0539d000 page_size=4096 num_pages=2
Thread 15: Waiting for haltcode file /tmp/haltcode to continue...
Thread 14: Waiting for haltcode file /tmp/haltcode to continue...
Thread 17, base=0x75dc0539b000 page_size=4096 num_pages=2
Thread 16: Waiting for haltcode file /tmp/haltcode to continue...
Thread 18, base=0x75dc05399000 page_size=4096 num_pages=2
Thread 17: Waiting for haltcode file /tmp/haltcode to continue...
Thread 19, base=0x75dc05397000 page_size=4096 num_pages=2
Thread 18: Waiting for haltcode file /tmp/haltcode to continue...
Thread 20, base=0x75dc05395000 page_size=4096 num_pages=2
Thread 19: Waiting for haltcode file /tmp/haltcode to continue...
Thread 21, base=0x75dc05393000 page_size=4096 num_pages=2
Thread 20: Waiting for haltcode file /tmp/haltcode to continue...
Thread 22, base=0x75dc05391000 page_size=4096 num_pages=2
Thread 21: Waiting for haltcode file /tmp/haltcode to continue...
Thread 23, base=0x75dc0538f000 page_size=4096 num_pages=2
Thread 22: Waiting for haltcode file /tmp/haltcode to continue...
Thread 24, base=0x75dc0538d000 page_size=4096 num_pages=2
Thread 23: Waiting for haltcode file /tmp/haltcode to continue...
Thread 25, base=0x75dc0538b000 page_size=4096 num_pages=2
Thread 24: Waiting for haltcode file /tmp/haltcode to continue...
Thread 26, base=0x75dc05389000 page_size=4096 num_pages=2
Thread 25: Waiting for haltcode file /tmp/haltcode to continue...
Thread 27, base=0x75dc05387000 page_size=4096 num_pages=2
Thread 26: Waiting for haltcode file /tmp/haltcode to continue...
Thread 28, base=0x75dc05385000 page_size=4096 num_pages=2
Thread 27: Waiting for haltcode file /tmp/haltcode to continue...
Thread 29, base=0x75dc05383000 page_size=4096 num_pages=2
Thread 28: Waiting for haltcode file /tmp/haltcode to continue...
Thread 30, base=0x75dc05381000 page_size=4096 num_pages=2
Thread 29: Waiting for haltcode file /tmp/haltcode to continue...
Thread 31, base=0x75dc0537f000 page_size=4096 num_pages=2
Thread 30: Waiting for haltcode file /tmp/haltcode to continue...
Thread 32, base=0x75dc0537d000 page_size=4096 num_pages=2
Thread 33, base=0x75dc0537b000 page_size=4096 num_pages=2
Thread 34, base=0x75dc05379000 page_size=4096 num_pages=2
Thread 35, base=0x75dc05377000 page_size=4096 num_pages=2
Thread 36, base=0x75dc05375000 page_size=4096 num_pages=2
Thread 37, base=0x75dc05373000 page_size=4096 num_pages=2
Thread 38, base=0x75dc05371000 page_size=4096 num_pages=2
Thread 39, base=0x75dc0536f000 page_size=4096 num_pages=2
Thread 40, base=0x75dc0536d000 page_size=4096 num_pages=2
Thread 41, base=0x75dc0536b000 page_size=4096 num_pages=2
Thread 42, base=0x75dc05369000 page_size=4096 num_pages=2
Thread 43, base=0x75dc05367000 page_size=4096 num_pages=2
Thread 44, base=0x75dc05365000 page_size=4096 num_pages=2
Thread 45, base=0x75dc05363000 page_size=4096 num_pages=2
Thread 46, base=0x75dc05361000 page_size=4096 num_pages=2
Thread 47, base=0x75dc0535f000 page_size=4096 num_pages=2
Thread 48, base=0x75dc0535d000 page_size=4096 num_pages=2
Thread 49, base=0x75dc0535b000 page_size=4096 num_pages=2
Thread 50, base=0x75dc05359000 page_size=4096 num_pages=2
Thread 51, base=0x75dc05357000 page_size=4096 num_pages=2
Thread 52, base=0x75dc05355000 page_size=4096 num_pages=2
Thread 53, base=0x75dc05353000 page_size=4096 num_pages=2
Thread 54, base=0x75dc05351000 page_size=4096 num_pages=2
Thread 55, base=0x75dc0534f000 page_size=4096 num_pages=2
Thread 56, base=0x75dc0534d000 page_size=4096 num_pages=2
Thread 57, base=0x75dc0534b000 page_size=4096 num_pages=2
Thread 58, base=0x75dc05349000 page_size=4096 num_pages=2
Thread 59, base=0x75dc05347000 page_size=4096 num_pages=2
Thread 60, base=0x75dc05345000 page_size=4096 num_pages=2
Thread 61, base=0x75dc05343000 page_size=4096 num_pages=2
Thread 62, base=0x75dc05341000 page_size=4096 num_pages=2
Thread 63, base=0x75dc0533f000 page_size=4096 num_pages=2
Thread 0: Waiting for haltcode file /tmp/haltcode to continue...
Thread 39: Waiting for haltcode file /tmp/haltcode to continue...
Thread 31: Waiting for haltcode file /tmp/haltcode to continue...
Thread 52: Waiting for haltcode file /tmp/haltcode to continue...
Thread 58: Waiting for haltcode file /tmp/haltcode to continue...
Thread 34: Waiting for haltcode file /tmp/haltcode to continue...
Thread 56: Waiting for haltcode file /tmp/haltcode to continue...
Thread 47: Waiting for haltcode file /tmp/haltcode to continue...
Thread 51: Waiting for haltcode file /tmp/haltcode to continue...
Thread 40: Waiting for haltcode file /tmp/haltcode to continue...
Thread 62: Waiting for haltcode file /tmp/haltcode to continue...
Thread 57: Waiting for haltcode file /tmp/haltcode to continue...
Thread 32: Waiting for haltcode file /tmp/haltcode to continue...
Thread 49: Waiting for haltcode file /tmp/haltcode to continue...
Thread 46: Waiting for haltcode file /tmp/haltcode to continue...
Thread 50: Waiting for haltcode file /tmp/haltcode to continue...
Thread 61: Waiting for haltcode file /tmp/haltcode to continue...
Thread 55: Waiting for haltcode file /tmp/haltcode to continue...
Thread 60: Waiting for haltcode file /tmp/haltcode to continue...
Thread 44: Waiting for haltcode file /tmp/haltcode to continue...
Thread 45: Waiting for haltcode file /tmp/haltcode to continue...
Thread 63: Waiting for haltcode file /tmp/haltcode to continue...
Thread 59: Waiting for haltcode file /tmp/haltcode to continue...
Thread 53: Waiting for haltcode file /tmp/haltcode to continue...
Thread 41: Waiting for haltcode file /tmp/haltcode to continue...
Thread 54: Waiting for haltcode file /tmp/haltcode to continue...
Thread 43: Waiting for haltcode file /tmp/haltcode to continue...
Thread 42: Waiting for haltcode file /tmp/haltcode to continue...
Thread 48: Waiting for haltcode file /tmp/haltcode to continue...
Thread 36: Waiting for haltcode file /tmp/haltcode to continue...
Thread 35: Waiting for haltcode file /tmp/haltcode to continue...
Thread 37: Waiting for haltcode file /tmp/haltcode to continue...
Thread 33: Waiting for haltcode file /tmp/haltcode to continue...
Thread 38: Waiting for haltcode file /tmp/haltcode to continue...
✅ Dump completed. Backing up images...
🚚 Transferring app and images to dsm_client...
✅ Transfer complete dsm_client
🚚 Transferring app and images to dsm_client2...
✅ Transfer complete dsm_client2
[2025-11-29 17:53:09] Dump time: 10.119909279
10.119909279,[2025-11-29 17:53:09] === Phase 2: distribution of backup ===
[2025-11-29 17:53:09] -> Copy to dsm_client
[2025-11-29 17:53:10] -> Copy to dsm_client2
[2025-11-29 17:53:11] Distribution time: 1.338257381
1.338257381,[2025-11-29 17:53:13] === Rewrite snapshots ===
[2025-11-29 17:53:13] Server: filter 0-31
Selected threads (indices 0-31): [3135239, 3135241, 3135242, 3135243, 3135244, 3135245, 3135246, 3135247, 3135248, 3135249, 3135250, 3135251, 3135252, 3135253, 3135254, 3135255, 3135256, 3135257, 3135258, 3135259, 3135260, 3135261, 3135262, 3135263, 3135264, 3135265, 3135266, 3135267, 3135268, 3135269, 3135270, 3135271]
Old main PID: 3135239
New main PID: 3135239
✅ Injected TC from 3135239 into 3135239
✅ Updated pstree.img with new main PID and filtered threads
Renamed mm-3135239.img -> mm-3135239.img
Renamed ids-3135239.img -> ids-3135239.img
Renamed fs-3135239.img -> fs-3135239.img
Renamed pagemap-3135239.img -> pagemap-3135239.img
Removed unused core-3135272.img
Removed unused core-3135273.img
Removed unused core-3135274.img
Removed unused core-3135275.img
Removed unused core-3135276.img
Removed unused core-3135277.img
Removed unused core-3135278.img
Removed unused core-3135279.img
Removed unused core-3135280.img
Removed unused core-3135281.img
Removed unused core-3135282.img
Removed unused core-3135283.img
Removed unused core-3135284.img
Removed unused core-3135285.img
Removed unused core-3135286.img
Removed unused core-3135287.img
Removed unused core-3135288.img
Removed unused core-3135289.img
Removed unused core-3135290.img
Removed unused core-3135291.img
Removed unused core-3135292.img
Removed unused core-3135293.img
Removed unused core-3135294.img
Removed unused core-3135295.img
Removed unused core-3135296.img
Removed unused core-3135297.img
Removed unused core-3135298.img
Removed unused core-3135299.img
Removed unused core-3135300.img
Removed unused core-3135301.img
Removed unused core-3135302.img
Removed unused core-3135303.img

✅ Done.
   - New main: 3135239 (core-3135239.img)
   - Threads kept: [3135239, 3135241, 3135242, 3135243, 3135244, 3135245, 3135246, 3135247, 3135248, 3135249, 3135250, 3135251, 3135252, 3135253, 3135254, 3135255, 3135256, 3135257, 3135258, 3135259, 3135260, 3135261, 3135262, 3135263, 3135264, 3135265, 3135266, 3135267, 3135268, 3135269, 3135270, 3135271]
   - Renamed PID-dependent files
   - Injected TC from old main into new main
[2025-11-29 17:53:13] Client 1 (dsm_client): filter 32-63
Selected threads (indices 32-63): [3135272, 3135273, 3135274, 3135275, 3135276, 3135277, 3135278, 3135279, 3135280, 3135281, 3135282, 3135283, 3135284, 3135285, 3135286, 3135287, 3135288, 3135289, 3135290, 3135291, 3135292, 3135293, 3135294, 3135295, 3135296, 3135297, 3135298, 3135299, 3135300, 3135301, 3135302, 3135303]
Old main PID: 3135239
New main PID: 3135272
✅ Injected TC from 3135239 into 3135272
✅ Updated pstree.img with new main PID and filtered threads
Renamed mm-3135239.img -> mm-3135272.img
Renamed ids-3135239.img -> ids-3135272.img
Renamed fs-3135239.img -> fs-3135272.img
Renamed pagemap-3135239.img -> pagemap-3135272.img
Removed unused core-3135239.img
Removed unused core-3135241.img
Removed unused core-3135242.img
Removed unused core-3135243.img
Removed unused core-3135244.img
Removed unused core-3135245.img
Removed unused core-3135246.img
Removed unused core-3135247.img
Removed unused core-3135248.img
Removed unused core-3135249.img
Removed unused core-3135250.img
Removed unused core-3135251.img
Removed unused core-3135252.img
Removed unused core-3135253.img
Removed unused core-3135254.img
Removed unused core-3135255.img
Removed unused core-3135256.img
Removed unused core-3135257.img
Removed unused core-3135258.img
Removed unused core-3135259.img
Removed unused core-3135260.img
Removed unused core-3135261.img
Removed unused core-3135262.img
Removed unused core-3135263.img
Removed unused core-3135264.img
Removed unused core-3135265.img
Removed unused core-3135266.img
Removed unused core-3135267.img
Removed unused core-3135268.img
Removed unused core-3135269.img
Removed unused core-3135270.img
Removed unused core-3135271.img

✅ Done.
   - New main: 3135272 (core-3135239.img)
   - Threads kept: [3135272, 3135273, 3135274, 3135275, 3135276, 3135277, 3135278, 3135279, 3135280, 3135281, 3135282, 3135283, 3135284, 3135285, 3135286, 3135287, 3135288, 3135289, 3135290, 3135291, 3135292, 3135293, 3135294, 3135295, 3135296, 3135297, 3135298, 3135299, 3135300, 3135301, 3135302, 3135303]
   - Renamed PID-dependent files
   - Injected TC from old main into new main
[2025-11-29 17:53:14] Rewrite time: .447048331
.447048331,[2025-11-29 17:53:14] === Restore for config 'split32_rdma' (clients=1, proto=rdma) ===,
histogram-dsm,split16_tcp,64,0-15,16-63,-,1,tcp,[2025-11-29 17:52:59] === Phase 1: checkpoint (dump) ===
🚀 Starting histogram-dsm ...
🧪 FFT started with PID 3135239
📦 Dumping with CRIU after 30s warm-up...
No need to swap
This file has 1406250002 bytes of image data, 468750000 pixels
Starting pthreads histogram
DSM detected, using DSM pthread_barrier
Num threads:64, pixels:598564736, iterations:1000, size of thread arg:6176
Thread 0, base=0x75dc053bd000 page_size=4096 num_pages=2
Thread 1, base=0x75dc053bb000 page_size=4096 num_pages=2
Thread 2, base=0x75dc053b9000 page_size=4096 num_pages=2
Thread 1: Waiting for haltcode file /tmp/haltcode to continue...
Thread 3, base=0x75dc053b7000 page_size=4096 num_pages=2
Thread 2: Waiting for haltcode file /tmp/haltcode to continue...
Thread 4, base=0x75dc053b5000 page_size=4096 num_pages=2
Thread 3: Waiting for haltcode file /tmp/haltcode to continue...
Thread 5, base=0x75dc053b3000 page_size=4096 num_pages=2
Thread 4: Waiting for haltcode file /tmp/haltcode to continue...
Thread 5: Waiting for haltcode file /tmp/haltcode to continue...
Thread 6, base=0x75dc053b1000 page_size=4096 num_pages=2
Thread 7, base=0x75dc053af000 page_size=4096 num_pages=2
Thread 6: Waiting for haltcode file /tmp/haltcode to continue...
Thread 8, base=0x75dc053ad000 page_size=4096 num_pages=2
Thread 7: Waiting for haltcode file /tmp/haltcode to continue...
Thread 9, base=0x75dc053ab000 page_size=4096 num_pages=2
Thread 8: Waiting for haltcode file /tmp/haltcode to continue...
Thread 10, base=0x75dc053a9000 page_size=4096 num_pages=2
Thread 9: Waiting for haltcode file /tmp/haltcode to continue...
Thread 11, base=0x75dc053a7000 page_size=4096 num_pages=2
Thread 10: Waiting for haltcode file /tmp/haltcode to continue...
Thread 12, base=0x75dc053a5000 page_size=4096 num_pages=2
Thread 11: Waiting for haltcode file /tmp/haltcode to continue...
Thread 13, base=0x75dc053a3000 page_size=4096 num_pages=2
Thread 12: Waiting for haltcode file /tmp/haltcode to continue...
Thread 14, base=0x75dc053a1000 page_size=4096 num_pages=2
Thread 13: Waiting for haltcode file /tmp/haltcode to continue...
Thread 15, base=0x75dc0539f000 page_size=4096 num_pages=2
Thread 16, base=0x75dc0539d000 page_size=4096 num_pages=2
Thread 15: Waiting for haltcode file /tmp/haltcode to continue...
Thread 14: Waiting for haltcode file /tmp/haltcode to continue...
Thread 17, base=0x75dc0539b000 page_size=4096 num_pages=2
Thread 16: Waiting for haltcode file /tmp/haltcode to continue...
Thread 18, base=0x75dc05399000 page_size=4096 num_pages=2
Thread 17: Waiting for haltcode file /tmp/haltcode to continue...
Thread 19, base=0x75dc05397000 page_size=4096 num_pages=2
Thread 18: Waiting for haltcode file /tmp/haltcode to continue...
Thread 20, base=0x75dc05395000 page_size=4096 num_pages=2
Thread 19: Waiting for haltcode file /tmp/haltcode to continue...
Thread 21, base=0x75dc05393000 page_size=4096 num_pages=2
Thread 20: Waiting for haltcode file /tmp/haltcode to continue...
Thread 22, base=0x75dc05391000 page_size=4096 num_pages=2
Thread 21: Waiting for haltcode file /tmp/haltcode to continue...
Thread 23, base=0x75dc0538f000 page_size=4096 num_pages=2
Thread 22: Waiting for haltcode file /tmp/haltcode to continue...
Thread 24, base=0x75dc0538d000 page_size=4096 num_pages=2
Thread 23: Waiting for haltcode file /tmp/haltcode to continue...
Thread 25, base=0x75dc0538b000 page_size=4096 num_pages=2
Thread 24: Waiting for haltcode file /tmp/haltcode to continue...
Thread 26, base=0x75dc05389000 page_size=4096 num_pages=2
Thread 25: Waiting for haltcode file /tmp/haltcode to continue...
Thread 27, base=0x75dc05387000 page_size=4096 num_pages=2
Thread 26: Waiting for haltcode file /tmp/haltcode to continue...
Thread 28, base=0x75dc05385000 page_size=4096 num_pages=2
Thread 27: Waiting for haltcode file /tmp/haltcode to continue...
Thread 29, base=0x75dc05383000 page_size=4096 num_pages=2
Thread 28: Waiting for haltcode file /tmp/haltcode to continue...
Thread 30, base=0x75dc05381000 page_size=4096 num_pages=2
Thread 29: Waiting for haltcode file /tmp/haltcode to continue...
Thread 31, base=0x75dc0537f000 page_size=4096 num_pages=2
Thread 30: Waiting for haltcode file /tmp/haltcode to continue...
Thread 32, base=0x75dc0537d000 page_size=4096 num_pages=2
Thread 33, base=0x75dc0537b000 page_size=4096 num_pages=2
Thread 34, base=0x75dc05379000 page_size=4096 num_pages=2
Thread 35, base=0x75dc05377000 page_size=4096 num_pages=2
Thread 36, base=0x75dc05375000 page_size=4096 num_pages=2
Thread 37, base=0x75dc05373000 page_size=4096 num_pages=2
Thread 38, base=0x75dc05371000 page_size=4096 num_pages=2
Thread 39, base=0x75dc0536f000 page_size=4096 num_pages=2
Thread 40, base=0x75dc0536d000 page_size=4096 num_pages=2
Thread 41, base=0x75dc0536b000 page_size=4096 num_pages=2
Thread 42, base=0x75dc05369000 page_size=4096 num_pages=2
Thread 43, base=0x75dc05367000 page_size=4096 num_pages=2
Thread 44, base=0x75dc05365000 page_size=4096 num_pages=2
Thread 45, base=0x75dc05363000 page_size=4096 num_pages=2
Thread 46, base=0x75dc05361000 page_size=4096 num_pages=2
Thread 47, base=0x75dc0535f000 page_size=4096 num_pages=2
Thread 48, base=0x75dc0535d000 page_size=4096 num_pages=2
Thread 49, base=0x75dc0535b000 page_size=4096 num_pages=2
Thread 50, base=0x75dc05359000 page_size=4096 num_pages=2
Thread 51, base=0x75dc05357000 page_size=4096 num_pages=2
Thread 52, base=0x75dc05355000 page_size=4096 num_pages=2
Thread 53, base=0x75dc05353000 page_size=4096 num_pages=2
Thread 54, base=0x75dc05351000 page_size=4096 num_pages=2
Thread 55, base=0x75dc0534f000 page_size=4096 num_pages=2
Thread 56, base=0x75dc0534d000 page_size=4096 num_pages=2
Thread 57, base=0x75dc0534b000 page_size=4096 num_pages=2
Thread 58, base=0x75dc05349000 page_size=4096 num_pages=2
Thread 59, base=0x75dc05347000 page_size=4096 num_pages=2
Thread 60, base=0x75dc05345000 page_size=4096 num_pages=2
Thread 61, base=0x75dc05343000 page_size=4096 num_pages=2
Thread 62, base=0x75dc05341000 page_size=4096 num_pages=2
Thread 63, base=0x75dc0533f000 page_size=4096 num_pages=2
Thread 0: Waiting for haltcode file /tmp/haltcode to continue...
Thread 39: Waiting for haltcode file /tmp/haltcode to continue...
Thread 31: Waiting for haltcode file /tmp/haltcode to continue...
Thread 52: Waiting for haltcode file /tmp/haltcode to continue...
Thread 58: Waiting for haltcode file /tmp/haltcode to continue...
Thread 34: Waiting for haltcode file /tmp/haltcode to continue...
Thread 56: Waiting for haltcode file /tmp/haltcode to continue...
Thread 47: Waiting for haltcode file /tmp/haltcode to continue...
Thread 51: Waiting for haltcode file /tmp/haltcode to continue...
Thread 40: Waiting for haltcode file /tmp/haltcode to continue...
Thread 62: Waiting for haltcode file /tmp/haltcode to continue...
Thread 57: Waiting for haltcode file /tmp/haltcode to continue...
Thread 32: Waiting for haltcode file /tmp/haltcode to continue...
Thread 49: Waiting for haltcode file /tmp/haltcode to continue...
Thread 46: Waiting for haltcode file /tmp/haltcode to continue...
Thread 50: Waiting for haltcode file /tmp/haltcode to continue...
Thread 61: Waiting for haltcode file /tmp/haltcode to continue...
Thread 55: Waiting for haltcode file /tmp/haltcode to continue...
Thread 60: Waiting for haltcode file /tmp/haltcode to continue...
Thread 44: Waiting for haltcode file /tmp/haltcode to continue...
Thread 45: Waiting for haltcode file /tmp/haltcode to continue...
Thread 63: Waiting for haltcode file /tmp/haltcode to continue...
Thread 59: Waiting for haltcode file /tmp/haltcode to continue...
Thread 53: Waiting for haltcode file /tmp/haltcode to continue...
Thread 41: Waiting for haltcode file /tmp/haltcode to continue...
Thread 54: Waiting for haltcode file /tmp/haltcode to continue...
Thread 43: Waiting for haltcode file /tmp/haltcode to continue...
Thread 42: Waiting for haltcode file /tmp/haltcode to continue...
Thread 48: Waiting for haltcode file /tmp/haltcode to continue...
Thread 36: Waiting for haltcode file /tmp/haltcode to continue...
Thread 35: Waiting for haltcode file /tmp/haltcode to continue...
Thread 37: Waiting for haltcode file /tmp/haltcode to continue...
Thread 33: Waiting for haltcode file /tmp/haltcode to continue...
Thread 38: Waiting for haltcode file /tmp/haltcode to continue...
✅ Dump completed. Backing up images...
🚚 Transferring app and images to dsm_client...
✅ Transfer complete dsm_client
🚚 Transferring app and images to dsm_client2...
✅ Transfer complete dsm_client2
[2025-11-29 17:53:09] Dump time: 10.119909279
10.119909279,[2025-11-29 17:53:09] === Phase 2: distribution of backup ===
[2025-11-29 17:53:09] -> Copy to dsm_client
[2025-11-29 17:53:10] -> Copy to dsm_client2
[2025-11-29 17:53:11] Distribution time: 1.338257381
1.338257381,[2025-11-29 17:53:14] === Rewrite snapshots ===
[2025-11-29 17:53:14] Server: filter 0-15
Selected threads (indices 0-15): [3135239, 3135241, 3135242, 3135243, 3135244, 3135245, 3135246, 3135247, 3135248, 3135249, 3135250, 3135251, 3135252, 3135253, 3135254, 3135255]
Old main PID: 3135239
New main PID: 3135239
✅ Injected TC from 3135239 into 3135239
✅ Updated pstree.img with new main PID and filtered threads
Renamed mm-3135239.img -> mm-3135239.img
Renamed ids-3135239.img -> ids-3135239.img
Renamed fs-3135239.img -> fs-3135239.img
Renamed pagemap-3135239.img -> pagemap-3135239.img
Removed unused core-3135256.img
Removed unused core-3135257.img
Removed unused core-3135258.img
Removed unused core-3135259.img
Removed unused core-3135260.img
Removed unused core-3135261.img
Removed unused core-3135262.img
Removed unused core-3135263.img
Removed unused core-3135264.img
Removed unused core-3135265.img
Removed unused core-3135266.img
Removed unused core-3135267.img
Removed unused core-3135268.img
Removed unused core-3135269.img
Removed unused core-3135270.img
Removed unused core-3135271.img
Removed unused core-3135272.img
Removed unused core-3135273.img
Removed unused core-3135274.img
Removed unused core-3135275.img
Removed unused core-3135276.img
Removed unused core-3135277.img
Removed unused core-3135278.img
Removed unused core-3135279.img
Removed unused core-3135280.img
Removed unused core-3135281.img
Removed unused core-3135282.img
Removed unused core-3135283.img
Removed unused core-3135284.img
Removed unused core-3135285.img
Removed unused core-3135286.img
Removed unused core-3135287.img
Removed unused core-3135288.img
Removed unused core-3135289.img
Removed unused core-3135290.img
Removed unused core-3135291.img
Removed unused core-3135292.img
Removed unused core-3135293.img
Removed unused core-3135294.img
Removed unused core-3135295.img
Removed unused core-3135296.img
Removed unused core-3135297.img
Removed unused core-3135298.img
Removed unused core-3135299.img
Removed unused core-3135300.img
Removed unused core-3135301.img
Removed unused core-3135302.img
Removed unused core-3135303.img

✅ Done.
   - New main: 3135239 (core-3135239.img)
   - Threads kept: [3135239, 3135241, 3135242, 3135243, 3135244, 3135245, 3135246, 3135247, 3135248, 3135249, 3135250, 3135251, 3135252, 3135253, 3135254, 3135255]
   - Renamed PID-dependent files
   - Injected TC from old main into new main
[2025-11-29 17:53:15] Client 1 (dsm_client): filter 16-63
Selected threads (indices 16-63): [3135256, 3135257, 3135258, 3135259, 3135260, 3135261, 3135262, 3135263, 3135264, 3135265, 3135266, 3135267, 3135268, 3135269, 3135270, 3135271, 3135272, 3135273, 3135274, 3135275, 3135276, 3135277, 3135278, 3135279, 3135280, 3135281, 3135282, 3135283, 3135284, 3135285, 3135286, 3135287, 3135288, 3135289, 3135290, 3135291, 3135292, 3135293, 3135294, 3135295, 3135296, 3135297, 3135298, 3135299, 3135300, 3135301, 3135302, 3135303]
Old main PID: 3135239
New main PID: 3135256
✅ Injected TC from 3135239 into 3135256
✅ Updated pstree.img with new main PID and filtered threads
Renamed mm-3135239.img -> mm-3135256.img
Renamed ids-3135239.img -> ids-3135256.img
Renamed fs-3135239.img -> fs-3135256.img
Renamed pagemap-3135239.img -> pagemap-3135256.img
Removed unused core-3135239.img
Removed unused core-3135241.img
Removed unused core-3135242.img
Removed unused core-3135243.img
Removed unused core-3135244.img
Removed unused core-3135245.img
Removed unused core-3135246.img
Removed unused core-3135247.img
Removed unused core-3135248.img
Removed unused core-3135249.img
Removed unused core-3135250.img
Removed unused core-3135251.img
Removed unused core-3135252.img
Removed unused core-3135253.img
Removed unused core-3135254.img
Removed unused core-3135255.img

✅ Done.
   - New main: 3135256 (core-3135239.img)
   - Threads kept: [3135256, 3135257, 3135258, 3135259, 3135260, 3135261, 3135262, 3135263, 3135264, 3135265, 3135266, 3135267, 3135268, 3135269, 3135270, 3135271, 3135272, 3135273, 3135274, 3135275, 3135276, 3135277, 3135278, 3135279, 3135280, 3135281, 3135282, 3135283, 3135284, 3135285, 3135286, 3135287, 3135288, 3135289, 3135290, 3135291, 3135292, 3135293, 3135294, 3135295, 3135296, 3135297, 3135298, 3135299, 3135300, 3135301, 3135302, 3135303]
   - Renamed PID-dependent files
   - Injected TC from old main into new main
[2025-11-29 17:53:15] Rewrite time: .449092180
.449092180,[2025-11-29 17:53:15] === Restore for config 'split16_tcp' (clients=1, proto=tcp) ===,
histogram-dsm,split16_rdma,64,0-15,16-63,-,1,rdma,[2025-11-29 17:52:59] === Phase 1: checkpoint (dump) ===
🚀 Starting histogram-dsm ...
🧪 FFT started with PID 3135239
📦 Dumping with CRIU after 30s warm-up...
No need to swap
This file has 1406250002 bytes of image data, 468750000 pixels
Starting pthreads histogram
DSM detected, using DSM pthread_barrier
Num threads:64, pixels:598564736, iterations:1000, size of thread arg:6176
Thread 0, base=0x75dc053bd000 page_size=4096 num_pages=2
Thread 1, base=0x75dc053bb000 page_size=4096 num_pages=2
Thread 2, base=0x75dc053b9000 page_size=4096 num_pages=2
Thread 1: Waiting for haltcode file /tmp/haltcode to continue...
Thread 3, base=0x75dc053b7000 page_size=4096 num_pages=2
Thread 2: Waiting for haltcode file /tmp/haltcode to continue...
Thread 4, base=0x75dc053b5000 page_size=4096 num_pages=2
Thread 3: Waiting for haltcode file /tmp/haltcode to continue...
Thread 5, base=0x75dc053b3000 page_size=4096 num_pages=2
Thread 4: Waiting for haltcode file /tmp/haltcode to continue...
Thread 5: Waiting for haltcode file /tmp/haltcode to continue...
Thread 6, base=0x75dc053b1000 page_size=4096 num_pages=2
Thread 7, base=0x75dc053af000 page_size=4096 num_pages=2
Thread 6: Waiting for haltcode file /tmp/haltcode to continue...
Thread 8, base=0x75dc053ad000 page_size=4096 num_pages=2
Thread 7: Waiting for haltcode file /tmp/haltcode to continue...
Thread 9, base=0x75dc053ab000 page_size=4096 num_pages=2
Thread 8: Waiting for haltcode file /tmp/haltcode to continue...
Thread 10, base=0x75dc053a9000 page_size=4096 num_pages=2
Thread 9: Waiting for haltcode file /tmp/haltcode to continue...
Thread 11, base=0x75dc053a7000 page_size=4096 num_pages=2
Thread 10: Waiting for haltcode file /tmp/haltcode to continue...
Thread 12, base=0x75dc053a5000 page_size=4096 num_pages=2
Thread 11: Waiting for haltcode file /tmp/haltcode to continue...
Thread 13, base=0x75dc053a3000 page_size=4096 num_pages=2
Thread 12: Waiting for haltcode file /tmp/haltcode to continue...
Thread 14, base=0x75dc053a1000 page_size=4096 num_pages=2
Thread 13: Waiting for haltcode file /tmp/haltcode to continue...
Thread 15, base=0x75dc0539f000 page_size=4096 num_pages=2
Thread 16, base=0x75dc0539d000 page_size=4096 num_pages=2
Thread 15: Waiting for haltcode file /tmp/haltcode to continue...
Thread 14: Waiting for haltcode file /tmp/haltcode to continue...
Thread 17, base=0x75dc0539b000 page_size=4096 num_pages=2
Thread 16: Waiting for haltcode file /tmp/haltcode to continue...
Thread 18, base=0x75dc05399000 page_size=4096 num_pages=2
Thread 17: Waiting for haltcode file /tmp/haltcode to continue...
Thread 19, base=0x75dc05397000 page_size=4096 num_pages=2
Thread 18: Waiting for haltcode file /tmp/haltcode to continue...
Thread 20, base=0x75dc05395000 page_size=4096 num_pages=2
Thread 19: Waiting for haltcode file /tmp/haltcode to continue...
Thread 21, base=0x75dc05393000 page_size=4096 num_pages=2
Thread 20: Waiting for haltcode file /tmp/haltcode to continue...
Thread 22, base=0x75dc05391000 page_size=4096 num_pages=2
Thread 21: Waiting for haltcode file /tmp/haltcode to continue...
Thread 23, base=0x75dc0538f000 page_size=4096 num_pages=2
Thread 22: Waiting for haltcode file /tmp/haltcode to continue...
Thread 24, base=0x75dc0538d000 page_size=4096 num_pages=2
Thread 23: Waiting for haltcode file /tmp/haltcode to continue...
Thread 25, base=0x75dc0538b000 page_size=4096 num_pages=2
Thread 24: Waiting for haltcode file /tmp/haltcode to continue...
Thread 26, base=0x75dc05389000 page_size=4096 num_pages=2
Thread 25: Waiting for haltcode file /tmp/haltcode to continue...
Thread 27, base=0x75dc05387000 page_size=4096 num_pages=2
Thread 26: Waiting for haltcode file /tmp/haltcode to continue...
Thread 28, base=0x75dc05385000 page_size=4096 num_pages=2
Thread 27: Waiting for haltcode file /tmp/haltcode to continue...
Thread 29, base=0x75dc05383000 page_size=4096 num_pages=2
Thread 28: Waiting for haltcode file /tmp/haltcode to continue...
Thread 30, base=0x75dc05381000 page_size=4096 num_pages=2
Thread 29: Waiting for haltcode file /tmp/haltcode to continue...
Thread 31, base=0x75dc0537f000 page_size=4096 num_pages=2
Thread 30: Waiting for haltcode file /tmp/haltcode to continue...
Thread 32, base=0x75dc0537d000 page_size=4096 num_pages=2
Thread 33, base=0x75dc0537b000 page_size=4096 num_pages=2
Thread 34, base=0x75dc05379000 page_size=4096 num_pages=2
Thread 35, base=0x75dc05377000 page_size=4096 num_pages=2
Thread 36, base=0x75dc05375000 page_size=4096 num_pages=2
Thread 37, base=0x75dc05373000 page_size=4096 num_pages=2
Thread 38, base=0x75dc05371000 page_size=4096 num_pages=2
Thread 39, base=0x75dc0536f000 page_size=4096 num_pages=2
Thread 40, base=0x75dc0536d000 page_size=4096 num_pages=2
Thread 41, base=0x75dc0536b000 page_size=4096 num_pages=2
Thread 42, base=0x75dc05369000 page_size=4096 num_pages=2
Thread 43, base=0x75dc05367000 page_size=4096 num_pages=2
Thread 44, base=0x75dc05365000 page_size=4096 num_pages=2
Thread 45, base=0x75dc05363000 page_size=4096 num_pages=2
Thread 46, base=0x75dc05361000 page_size=4096 num_pages=2
Thread 47, base=0x75dc0535f000 page_size=4096 num_pages=2
Thread 48, base=0x75dc0535d000 page_size=4096 num_pages=2
Thread 49, base=0x75dc0535b000 page_size=4096 num_pages=2
Thread 50, base=0x75dc05359000 page_size=4096 num_pages=2
Thread 51, base=0x75dc05357000 page_size=4096 num_pages=2
Thread 52, base=0x75dc05355000 page_size=4096 num_pages=2
Thread 53, base=0x75dc05353000 page_size=4096 num_pages=2
Thread 54, base=0x75dc05351000 page_size=4096 num_pages=2
Thread 55, base=0x75dc0534f000 page_size=4096 num_pages=2
Thread 56, base=0x75dc0534d000 page_size=4096 num_pages=2
Thread 57, base=0x75dc0534b000 page_size=4096 num_pages=2
Thread 58, base=0x75dc05349000 page_size=4096 num_pages=2
Thread 59, base=0x75dc05347000 page_size=4096 num_pages=2
Thread 60, base=0x75dc05345000 page_size=4096 num_pages=2
Thread 61, base=0x75dc05343000 page_size=4096 num_pages=2
Thread 62, base=0x75dc05341000 page_size=4096 num_pages=2
Thread 63, base=0x75dc0533f000 page_size=4096 num_pages=2
Thread 0: Waiting for haltcode file /tmp/haltcode to continue...
Thread 39: Waiting for haltcode file /tmp/haltcode to continue...
Thread 31: Waiting for haltcode file /tmp/haltcode to continue...
Thread 52: Waiting for haltcode file /tmp/haltcode to continue...
Thread 58: Waiting for haltcode file /tmp/haltcode to continue...
Thread 34: Waiting for haltcode file /tmp/haltcode to continue...
Thread 56: Waiting for haltcode file /tmp/haltcode to continue...
Thread 47: Waiting for haltcode file /tmp/haltcode to continue...
Thread 51: Waiting for haltcode file /tmp/haltcode to continue...
Thread 40: Waiting for haltcode file /tmp/haltcode to continue...
Thread 62: Waiting for haltcode file /tmp/haltcode to continue...
Thread 57: Waiting for haltcode file /tmp/haltcode to continue...
Thread 32: Waiting for haltcode file /tmp/haltcode to continue...
Thread 49: Waiting for haltcode file /tmp/haltcode to continue...
Thread 46: Waiting for haltcode file /tmp/haltcode to continue...
Thread 50: Waiting for haltcode file /tmp/haltcode to continue...
Thread 61: Waiting for haltcode file /tmp/haltcode to continue...
Thread 55: Waiting for haltcode file /tmp/haltcode to continue...
Thread 60: Waiting for haltcode file /tmp/haltcode to continue...
Thread 44: Waiting for haltcode file /tmp/haltcode to continue...
Thread 45: Waiting for haltcode file /tmp/haltcode to continue...
Thread 63: Waiting for haltcode file /tmp/haltcode to continue...
Thread 59: Waiting for haltcode file /tmp/haltcode to continue...
Thread 53: Waiting for haltcode file /tmp/haltcode to continue...
Thread 41: Waiting for haltcode file /tmp/haltcode to continue...
Thread 54: Waiting for haltcode file /tmp/haltcode to continue...
Thread 43: Waiting for haltcode file /tmp/haltcode to continue...
Thread 42: Waiting for haltcode file /tmp/haltcode to continue...
Thread 48: Waiting for haltcode file /tmp/haltcode to continue...
Thread 36: Waiting for haltcode file /tmp/haltcode to continue...
Thread 35: Waiting for haltcode file /tmp/haltcode to continue...
Thread 37: Waiting for haltcode file /tmp/haltcode to continue...
Thread 33: Waiting for haltcode file /tmp/haltcode to continue...
Thread 38: Waiting for haltcode file /tmp/haltcode to continue...
✅ Dump completed. Backing up images...
🚚 Transferring app and images to dsm_client...
✅ Transfer complete dsm_client
🚚 Transferring app and images to dsm_client2...
✅ Transfer complete dsm_client2
[2025-11-29 17:53:09] Dump time: 10.119909279
10.119909279,[2025-11-29 17:53:09] === Phase 2: distribution of backup ===
[2025-11-29 17:53:09] -> Copy to dsm_client
[2025-11-29 17:53:10] -> Copy to dsm_client2
[2025-11-29 17:53:11] Distribution time: 1.338257381
1.338257381,[2025-11-29 17:53:16] === Rewrite snapshots ===
[2025-11-29 17:53:16] Server: filter 0-15
Selected threads (indices 0-15): [3135239, 3135241, 3135242, 3135243, 3135244, 3135245, 3135246, 3135247, 3135248, 3135249, 3135250, 3135251, 3135252, 3135253, 3135254, 3135255]
Old main PID: 3135239
New main PID: 3135239
✅ Injected TC from 3135239 into 3135239
✅ Updated pstree.img with new main PID and filtered threads
Renamed mm-3135239.img -> mm-3135239.img
Renamed ids-3135239.img -> ids-3135239.img
Renamed fs-3135239.img -> fs-3135239.img
Renamed pagemap-3135239.img -> pagemap-3135239.img
Removed unused core-3135256.img
Removed unused core-3135257.img
Removed unused core-3135258.img
Removed unused core-3135259.img
Removed unused core-3135260.img
Removed unused core-3135261.img
Removed unused core-3135262.img
Removed unused core-3135263.img
Removed unused core-3135264.img
Removed unused core-3135265.img
Removed unused core-3135266.img
Removed unused core-3135267.img
Removed unused core-3135268.img
Removed unused core-3135269.img
Removed unused core-3135270.img
Removed unused core-3135271.img
Removed unused core-3135272.img
Removed unused core-3135273.img
Removed unused core-3135274.img
Removed unused core-3135275.img
Removed unused core-3135276.img
Removed unused core-3135277.img
Removed unused core-3135278.img
Removed unused core-3135279.img
Removed unused core-3135280.img
Removed unused core-3135281.img
Removed unused core-3135282.img
Removed unused core-3135283.img
Removed unused core-3135284.img
Removed unused core-3135285.img
Removed unused core-3135286.img
Removed unused core-3135287.img
Removed unused core-3135288.img
Removed unused core-3135289.img
Removed unused core-3135290.img
Removed unused core-3135291.img
Removed unused core-3135292.img
Removed unused core-3135293.img
Removed unused core-3135294.img
Removed unused core-3135295.img
Removed unused core-3135296.img
Removed unused core-3135297.img
Removed unused core-3135298.img
Removed unused core-3135299.img
Removed unused core-3135300.img
Removed unused core-3135301.img
Removed unused core-3135302.img
Removed unused core-3135303.img

✅ Done.
   - New main: 3135239 (core-3135239.img)
   - Threads kept: [3135239, 3135241, 3135242, 3135243, 3135244, 3135245, 3135246, 3135247, 3135248, 3135249, 3135250, 3135251, 3135252, 3135253, 3135254, 3135255]
   - Renamed PID-dependent files
   - Injected TC from old main into new main
[2025-11-29 17:53:16] Client 1 (dsm_client): filter 16-63
Selected threads (indices 16-63): [3135256, 3135257, 3135258, 3135259, 3135260, 3135261, 3135262, 3135263, 3135264, 3135265, 3135266, 3135267, 3135268, 3135269, 3135270, 3135271, 3135272, 3135273, 3135274, 3135275, 3135276, 3135277, 3135278, 3135279, 3135280, 3135281, 3135282, 3135283, 3135284, 3135285, 3135286, 3135287, 3135288, 3135289, 3135290, 3135291, 3135292, 3135293, 3135294, 3135295, 3135296, 3135297, 3135298, 3135299, 3135300, 3135301, 3135302, 3135303]
Old main PID: 3135239
New main PID: 3135256
✅ Injected TC from 3135239 into 3135256
✅ Updated pstree.img with new main PID and filtered threads
Renamed mm-3135239.img -> mm-3135256.img
Renamed ids-3135239.img -> ids-3135256.img
Renamed fs-3135239.img -> fs-3135256.img
Renamed pagemap-3135239.img -> pagemap-3135256.img
Removed unused core-3135239.img
Removed unused core-3135241.img
Removed unused core-3135242.img
Removed unused core-3135243.img
Removed unused core-3135244.img
Removed unused core-3135245.img
Removed unused core-3135246.img
Removed unused core-3135247.img
Removed unused core-3135248.img
Removed unused core-3135249.img
Removed unused core-3135250.img
Removed unused core-3135251.img
Removed unused core-3135252.img
Removed unused core-3135253.img
Removed unused core-3135254.img
Removed unused core-3135255.img

✅ Done.
   - New main: 3135256 (core-3135239.img)
   - Threads kept: [3135256, 3135257, 3135258, 3135259, 3135260, 3135261, 3135262, 3135263, 3135264, 3135265, 3135266, 3135267, 3135268, 3135269, 3135270, 3135271, 3135272, 3135273, 3135274, 3135275, 3135276, 3135277, 3135278, 3135279, 3135280, 3135281, 3135282, 3135283, 3135284, 3135285, 3135286, 3135287, 3135288, 3135289, 3135290, 3135291, 3135292, 3135293, 3135294, 3135295, 3135296, 3135297, 3135298, 3135299, 3135300, 3135301, 3135302, 3135303]
   - Renamed PID-dependent files
   - Injected TC from old main into new main
[2025-11-29 17:53:16] Rewrite time: .450354615
.450354615,[2025-11-29 17:53:16] === Restore for config 'split16_rdma' (clients=1, proto=rdma) ===,
histogram-dsm,split20_tcp,64,0-19,20-63,-,1,tcp,[2025-11-29 17:52:59] === Phase 1: checkpoint (dump) ===
🚀 Starting histogram-dsm ...
🧪 FFT started with PID 3135239
📦 Dumping with CRIU after 30s warm-up...
No need to swap
This file has 1406250002 bytes of image data, 468750000 pixels
Starting pthreads histogram
DSM detected, using DSM pthread_barrier
Num threads:64, pixels:598564736, iterations:1000, size of thread arg:6176
Thread 0, base=0x75dc053bd000 page_size=4096 num_pages=2
Thread 1, base=0x75dc053bb000 page_size=4096 num_pages=2
Thread 2, base=0x75dc053b9000 page_size=4096 num_pages=2
Thread 1: Waiting for haltcode file /tmp/haltcode to continue...
Thread 3, base=0x75dc053b7000 page_size=4096 num_pages=2
Thread 2: Waiting for haltcode file /tmp/haltcode to continue...
Thread 4, base=0x75dc053b5000 page_size=4096 num_pages=2
Thread 3: Waiting for haltcode file /tmp/haltcode to continue...
Thread 5, base=0x75dc053b3000 page_size=4096 num_pages=2
Thread 4: Waiting for haltcode file /tmp/haltcode to continue...
Thread 5: Waiting for haltcode file /tmp/haltcode to continue...
Thread 6, base=0x75dc053b1000 page_size=4096 num_pages=2
Thread 7, base=0x75dc053af000 page_size=4096 num_pages=2
Thread 6: Waiting for haltcode file /tmp/haltcode to continue...
Thread 8, base=0x75dc053ad000 page_size=4096 num_pages=2
Thread 7: Waiting for haltcode file /tmp/haltcode to continue...
Thread 9, base=0x75dc053ab000 page_size=4096 num_pages=2
Thread 8: Waiting for haltcode file /tmp/haltcode to continue...
Thread 10, base=0x75dc053a9000 page_size=4096 num_pages=2
Thread 9: Waiting for haltcode file /tmp/haltcode to continue...
Thread 11, base=0x75dc053a7000 page_size=4096 num_pages=2
Thread 10: Waiting for haltcode file /tmp/haltcode to continue...
Thread 12, base=0x75dc053a5000 page_size=4096 num_pages=2
Thread 11: Waiting for haltcode file /tmp/haltcode to continue...
Thread 13, base=0x75dc053a3000 page_size=4096 num_pages=2
Thread 12: Waiting for haltcode file /tmp/haltcode to continue...
Thread 14, base=0x75dc053a1000 page_size=4096 num_pages=2
Thread 13: Waiting for haltcode file /tmp/haltcode to continue...
Thread 15, base=0x75dc0539f000 page_size=4096 num_pages=2
Thread 16, base=0x75dc0539d000 page_size=4096 num_pages=2
Thread 15: Waiting for haltcode file /tmp/haltcode to continue...
Thread 14: Waiting for haltcode file /tmp/haltcode to continue...
Thread 17, base=0x75dc0539b000 page_size=4096 num_pages=2
Thread 16: Waiting for haltcode file /tmp/haltcode to continue...
Thread 18, base=0x75dc05399000 page_size=4096 num_pages=2
Thread 17: Waiting for haltcode file /tmp/haltcode to continue...
Thread 19, base=0x75dc05397000 page_size=4096 num_pages=2
Thread 18: Waiting for haltcode file /tmp/haltcode to continue...
Thread 20, base=0x75dc05395000 page_size=4096 num_pages=2
Thread 19: Waiting for haltcode file /tmp/haltcode to continue...
Thread 21, base=0x75dc05393000 page_size=4096 num_pages=2
Thread 20: Waiting for haltcode file /tmp/haltcode to continue...
Thread 22, base=0x75dc05391000 page_size=4096 num_pages=2
Thread 21: Waiting for haltcode file /tmp/haltcode to continue...
Thread 23, base=0x75dc0538f000 page_size=4096 num_pages=2
Thread 22: Waiting for haltcode file /tmp/haltcode to continue...
Thread 24, base=0x75dc0538d000 page_size=4096 num_pages=2
Thread 23: Waiting for haltcode file /tmp/haltcode to continue...
Thread 25, base=0x75dc0538b000 page_size=4096 num_pages=2
Thread 24: Waiting for haltcode file /tmp/haltcode to continue...
Thread 26, base=0x75dc05389000 page_size=4096 num_pages=2
Thread 25: Waiting for haltcode file /tmp/haltcode to continue...
Thread 27, base=0x75dc05387000 page_size=4096 num_pages=2
Thread 26: Waiting for haltcode file /tmp/haltcode to continue...
Thread 28, base=0x75dc05385000 page_size=4096 num_pages=2
Thread 27: Waiting for haltcode file /tmp/haltcode to continue...
Thread 29, base=0x75dc05383000 page_size=4096 num_pages=2
Thread 28: Waiting for haltcode file /tmp/haltcode to continue...
Thread 30, base=0x75dc05381000 page_size=4096 num_pages=2
Thread 29: Waiting for haltcode file /tmp/haltcode to continue...
Thread 31, base=0x75dc0537f000 page_size=4096 num_pages=2
Thread 30: Waiting for haltcode file /tmp/haltcode to continue...
Thread 32, base=0x75dc0537d000 page_size=4096 num_pages=2
Thread 33, base=0x75dc0537b000 page_size=4096 num_pages=2
Thread 34, base=0x75dc05379000 page_size=4096 num_pages=2
Thread 35, base=0x75dc05377000 page_size=4096 num_pages=2
Thread 36, base=0x75dc05375000 page_size=4096 num_pages=2
Thread 37, base=0x75dc05373000 page_size=4096 num_pages=2
Thread 38, base=0x75dc05371000 page_size=4096 num_pages=2
Thread 39, base=0x75dc0536f000 page_size=4096 num_pages=2
Thread 40, base=0x75dc0536d000 page_size=4096 num_pages=2
Thread 41, base=0x75dc0536b000 page_size=4096 num_pages=2
Thread 42, base=0x75dc05369000 page_size=4096 num_pages=2
Thread 43, base=0x75dc05367000 page_size=4096 num_pages=2
Thread 44, base=0x75dc05365000 page_size=4096 num_pages=2
Thread 45, base=0x75dc05363000 page_size=4096 num_pages=2
Thread 46, base=0x75dc05361000 page_size=4096 num_pages=2
Thread 47, base=0x75dc0535f000 page_size=4096 num_pages=2
Thread 48, base=0x75dc0535d000 page_size=4096 num_pages=2
Thread 49, base=0x75dc0535b000 page_size=4096 num_pages=2
Thread 50, base=0x75dc05359000 page_size=4096 num_pages=2
Thread 51, base=0x75dc05357000 page_size=4096 num_pages=2
Thread 52, base=0x75dc05355000 page_size=4096 num_pages=2
Thread 53, base=0x75dc05353000 page_size=4096 num_pages=2
Thread 54, base=0x75dc05351000 page_size=4096 num_pages=2
Thread 55, base=0x75dc0534f000 page_size=4096 num_pages=2
Thread 56, base=0x75dc0534d000 page_size=4096 num_pages=2
Thread 57, base=0x75dc0534b000 page_size=4096 num_pages=2
Thread 58, base=0x75dc05349000 page_size=4096 num_pages=2
Thread 59, base=0x75dc05347000 page_size=4096 num_pages=2
Thread 60, base=0x75dc05345000 page_size=4096 num_pages=2
Thread 61, base=0x75dc05343000 page_size=4096 num_pages=2
Thread 62, base=0x75dc05341000 page_size=4096 num_pages=2
Thread 63, base=0x75dc0533f000 page_size=4096 num_pages=2
Thread 0: Waiting for haltcode file /tmp/haltcode to continue...
Thread 39: Waiting for haltcode file /tmp/haltcode to continue...
Thread 31: Waiting for haltcode file /tmp/haltcode to continue...
Thread 52: Waiting for haltcode file /tmp/haltcode to continue...
Thread 58: Waiting for haltcode file /tmp/haltcode to continue...
Thread 34: Waiting for haltcode file /tmp/haltcode to continue...
Thread 56: Waiting for haltcode file /tmp/haltcode to continue...
Thread 47: Waiting for haltcode file /tmp/haltcode to continue...
Thread 51: Waiting for haltcode file /tmp/haltcode to continue...
Thread 40: Waiting for haltcode file /tmp/haltcode to continue...
Thread 62: Waiting for haltcode file /tmp/haltcode to continue...
Thread 57: Waiting for haltcode file /tmp/haltcode to continue...
Thread 32: Waiting for haltcode file /tmp/haltcode to continue...
Thread 49: Waiting for haltcode file /tmp/haltcode to continue...
Thread 46: Waiting for haltcode file /tmp/haltcode to continue...
Thread 50: Waiting for haltcode file /tmp/haltcode to continue...
Thread 61: Waiting for haltcode file /tmp/haltcode to continue...
Thread 55: Waiting for haltcode file /tmp/haltcode to continue...
Thread 60: Waiting for haltcode file /tmp/haltcode to continue...
Thread 44: Waiting for haltcode file /tmp/haltcode to continue...
Thread 45: Waiting for haltcode file /tmp/haltcode to continue...
Thread 63: Waiting for haltcode file /tmp/haltcode to continue...
Thread 59: Waiting for haltcode file /tmp/haltcode to continue...
Thread 53: Waiting for haltcode file /tmp/haltcode to continue...
Thread 41: Waiting for haltcode file /tmp/haltcode to continue...
Thread 54: Waiting for haltcode file /tmp/haltcode to continue...
Thread 43: Waiting for haltcode file /tmp/haltcode to continue...
Thread 42: Waiting for haltcode file /tmp/haltcode to continue...
Thread 48: Waiting for haltcode file /tmp/haltcode to continue...
Thread 36: Waiting for haltcode file /tmp/haltcode to continue...
Thread 35: Waiting for haltcode file /tmp/haltcode to continue...
Thread 37: Waiting for haltcode file /tmp/haltcode to continue...
Thread 33: Waiting for haltcode file /tmp/haltcode to continue...
Thread 38: Waiting for haltcode file /tmp/haltcode to continue...
✅ Dump completed. Backing up images...
🚚 Transferring app and images to dsm_client...
✅ Transfer complete dsm_client
🚚 Transferring app and images to dsm_client2...
✅ Transfer complete dsm_client2
[2025-11-29 17:53:09] Dump time: 10.119909279
10.119909279,[2025-11-29 17:53:09] === Phase 2: distribution of backup ===
[2025-11-29 17:53:09] -> Copy to dsm_client
[2025-11-29 17:53:10] -> Copy to dsm_client2
[2025-11-29 17:53:11] Distribution time: 1.338257381
1.338257381,[2025-11-29 17:53:17] === Rewrite snapshots ===
[2025-11-29 17:53:17] Server: filter 0-19
Selected threads (indices 0-19): [3135239, 3135241, 3135242, 3135243, 3135244, 3135245, 3135246, 3135247, 3135248, 3135249, 3135250, 3135251, 3135252, 3135253, 3135254, 3135255, 3135256, 3135257, 3135258, 3135259]
Old main PID: 3135239
New main PID: 3135239
✅ Injected TC from 3135239 into 3135239
✅ Updated pstree.img with new main PID and filtered threads
Renamed mm-3135239.img -> mm-3135239.img
Renamed ids-3135239.img -> ids-3135239.img
Renamed fs-3135239.img -> fs-3135239.img
Renamed pagemap-3135239.img -> pagemap-3135239.img
Removed unused core-3135260.img
Removed unused core-3135261.img
Removed unused core-3135262.img
Removed unused core-3135263.img
Removed unused core-3135264.img
Removed unused core-3135265.img
Removed unused core-3135266.img
Removed unused core-3135267.img
Removed unused core-3135268.img
Removed unused core-3135269.img
Removed unused core-3135270.img
Removed unused core-3135271.img
Removed unused core-3135272.img
Removed unused core-3135273.img
Removed unused core-3135274.img
Removed unused core-3135275.img
Removed unused core-3135276.img
Removed unused core-3135277.img
Removed unused core-3135278.img
Removed unused core-3135279.img
Removed unused core-3135280.img
Removed unused core-3135281.img
Removed unused core-3135282.img
Removed unused core-3135283.img
Removed unused core-3135284.img
Removed unused core-3135285.img
Removed unused core-3135286.img
Removed unused core-3135287.img
Removed unused core-3135288.img
Removed unused core-3135289.img
Removed unused core-3135290.img
Removed unused core-3135291.img
Removed unused core-3135292.img
Removed unused core-3135293.img
Removed unused core-3135294.img
Removed unused core-3135295.img
Removed unused core-3135296.img
Removed unused core-3135297.img
Removed unused core-3135298.img
Removed unused core-3135299.img
Removed unused core-3135300.img
Removed unused core-3135301.img
Removed unused core-3135302.img
Removed unused core-3135303.img

✅ Done.
   - New main: 3135239 (core-3135239.img)
   - Threads kept: [3135239, 3135241, 3135242, 3135243, 3135244, 3135245, 3135246, 3135247, 3135248, 3135249, 3135250, 3135251, 3135252, 3135253, 3135254, 3135255, 3135256, 3135257, 3135258, 3135259]
   - Renamed PID-dependent files
   - Injected TC from old main into new main
[2025-11-29 17:53:17] Client 1 (dsm_client): filter 20-63
Selected threads (indices 20-63): [3135260, 3135261, 3135262, 3135263, 3135264, 3135265, 3135266, 3135267, 3135268, 3135269, 3135270, 3135271, 3135272, 3135273, 3135274, 3135275, 3135276, 3135277, 3135278, 3135279, 3135280, 3135281, 3135282, 3135283, 3135284, 3135285, 3135286, 3135287, 3135288, 3135289, 3135290, 3135291, 3135292, 3135293, 3135294, 3135295, 3135296, 3135297, 3135298, 3135299, 3135300, 3135301, 3135302, 3135303]
Old main PID: 3135239
New main PID: 3135260
✅ Injected TC from 3135239 into 3135260
✅ Updated pstree.img with new main PID and filtered threads
Renamed mm-3135239.img -> mm-3135260.img
Renamed ids-3135239.img -> ids-3135260.img
Renamed fs-3135239.img -> fs-3135260.img
Renamed pagemap-3135239.img -> pagemap-3135260.img
Removed unused core-3135239.img
Removed unused core-3135241.img
Removed unused core-3135242.img
Removed unused core-3135243.img
Removed unused core-3135244.img
Removed unused core-3135245.img
Removed unused core-3135246.img
Removed unused core-3135247.img
Removed unused core-3135248.img
Removed unused core-3135249.img
Removed unused core-3135250.img
Removed unused core-3135251.img
Removed unused core-3135252.img
Removed unused core-3135253.img
Removed unused core-3135254.img
Removed unused core-3135255.img
Removed unused core-3135256.img
Removed unused core-3135257.img
Removed unused core-3135258.img
Removed unused core-3135259.img

✅ Done.
   - New main: 3135260 (core-3135239.img)
   - Threads kept: [3135260, 3135261, 3135262, 3135263, 3135264, 3135265, 3135266, 3135267, 3135268, 3135269, 3135270, 3135271, 3135272, 3135273, 3135274, 3135275, 3135276, 3135277, 3135278, 3135279, 3135280, 3135281, 3135282, 3135283, 3135284, 3135285, 3135286, 3135287, 3135288, 3135289, 3135290, 3135291, 3135292, 3135293, 3135294, 3135295, 3135296, 3135297, 3135298, 3135299, 3135300, 3135301, 3135302, 3135303]
   - Renamed PID-dependent files
   - Injected TC from old main into new main
[2025-11-29 17:53:17] Rewrite time: .453552049
.453552049,[2025-11-29 17:53:17] === Restore for config 'split20_tcp' (clients=1, proto=tcp) ===,
histogram-dsm,split20_rdma,64,0-19,20-63,-,1,rdma,[2025-11-29 17:52:59] === Phase 1: checkpoint (dump) ===
🚀 Starting histogram-dsm ...
🧪 FFT started with PID 3135239
📦 Dumping with CRIU after 30s warm-up...
No need to swap
This file has 1406250002 bytes of image data, 468750000 pixels
Starting pthreads histogram
DSM detected, using DSM pthread_barrier
Num threads:64, pixels:598564736, iterations:1000, size of thread arg:6176
Thread 0, base=0x75dc053bd000 page_size=4096 num_pages=2
Thread 1, base=0x75dc053bb000 page_size=4096 num_pages=2
Thread 2, base=0x75dc053b9000 page_size=4096 num_pages=2
Thread 1: Waiting for haltcode file /tmp/haltcode to continue...
Thread 3, base=0x75dc053b7000 page_size=4096 num_pages=2
Thread 2: Waiting for haltcode file /tmp/haltcode to continue...
Thread 4, base=0x75dc053b5000 page_size=4096 num_pages=2
Thread 3: Waiting for haltcode file /tmp/haltcode to continue...
Thread 5, base=0x75dc053b3000 page_size=4096 num_pages=2
Thread 4: Waiting for haltcode file /tmp/haltcode to continue...
Thread 5: Waiting for haltcode file /tmp/haltcode to continue...
Thread 6, base=0x75dc053b1000 page_size=4096 num_pages=2
Thread 7, base=0x75dc053af000 page_size=4096 num_pages=2
Thread 6: Waiting for haltcode file /tmp/haltcode to continue...
Thread 8, base=0x75dc053ad000 page_size=4096 num_pages=2
Thread 7: Waiting for haltcode file /tmp/haltcode to continue...
Thread 9, base=0x75dc053ab000 page_size=4096 num_pages=2
Thread 8: Waiting for haltcode file /tmp/haltcode to continue...
Thread 10, base=0x75dc053a9000 page_size=4096 num_pages=2
Thread 9: Waiting for haltcode file /tmp/haltcode to continue...
Thread 11, base=0x75dc053a7000 page_size=4096 num_pages=2
Thread 10: Waiting for haltcode file /tmp/haltcode to continue...
Thread 12, base=0x75dc053a5000 page_size=4096 num_pages=2
Thread 11: Waiting for haltcode file /tmp/haltcode to continue...
Thread 13, base=0x75dc053a3000 page_size=4096 num_pages=2
Thread 12: Waiting for haltcode file /tmp/haltcode to continue...
Thread 14, base=0x75dc053a1000 page_size=4096 num_pages=2
Thread 13: Waiting for haltcode file /tmp/haltcode to continue...
Thread 15, base=0x75dc0539f000 page_size=4096 num_pages=2
Thread 16, base=0x75dc0539d000 page_size=4096 num_pages=2
Thread 15: Waiting for haltcode file /tmp/haltcode to continue...
Thread 14: Waiting for haltcode file /tmp/haltcode to continue...
Thread 17, base=0x75dc0539b000 page_size=4096 num_pages=2
Thread 16: Waiting for haltcode file /tmp/haltcode to continue...
Thread 18, base=0x75dc05399000 page_size=4096 num_pages=2
Thread 17: Waiting for haltcode file /tmp/haltcode to continue...
Thread 19, base=0x75dc05397000 page_size=4096 num_pages=2
Thread 18: Waiting for haltcode file /tmp/haltcode to continue...
Thread 20, base=0x75dc05395000 page_size=4096 num_pages=2
Thread 19: Waiting for haltcode file /tmp/haltcode to continue...
Thread 21, base=0x75dc05393000 page_size=4096 num_pages=2
Thread 20: Waiting for haltcode file /tmp/haltcode to continue...
Thread 22, base=0x75dc05391000 page_size=4096 num_pages=2
Thread 21: Waiting for haltcode file /tmp/haltcode to continue...
Thread 23, base=0x75dc0538f000 page_size=4096 num_pages=2
Thread 22: Waiting for haltcode file /tmp/haltcode to continue...
Thread 24, base=0x75dc0538d000 page_size=4096 num_pages=2
Thread 23: Waiting for haltcode file /tmp/haltcode to continue...
Thread 25, base=0x75dc0538b000 page_size=4096 num_pages=2
Thread 24: Waiting for haltcode file /tmp/haltcode to continue...
Thread 26, base=0x75dc05389000 page_size=4096 num_pages=2
Thread 25: Waiting for haltcode file /tmp/haltcode to continue...
Thread 27, base=0x75dc05387000 page_size=4096 num_pages=2
Thread 26: Waiting for haltcode file /tmp/haltcode to continue...
Thread 28, base=0x75dc05385000 page_size=4096 num_pages=2
Thread 27: Waiting for haltcode file /tmp/haltcode to continue...
Thread 29, base=0x75dc05383000 page_size=4096 num_pages=2
Thread 28: Waiting for haltcode file /tmp/haltcode to continue...
Thread 30, base=0x75dc05381000 page_size=4096 num_pages=2
Thread 29: Waiting for haltcode file /tmp/haltcode to continue...
Thread 31, base=0x75dc0537f000 page_size=4096 num_pages=2
Thread 30: Waiting for haltcode file /tmp/haltcode to continue...
Thread 32, base=0x75dc0537d000 page_size=4096 num_pages=2
Thread 33, base=0x75dc0537b000 page_size=4096 num_pages=2
Thread 34, base=0x75dc05379000 page_size=4096 num_pages=2
Thread 35, base=0x75dc05377000 page_size=4096 num_pages=2
Thread 36, base=0x75dc05375000 page_size=4096 num_pages=2
Thread 37, base=0x75dc05373000 page_size=4096 num_pages=2
Thread 38, base=0x75dc05371000 page_size=4096 num_pages=2
Thread 39, base=0x75dc0536f000 page_size=4096 num_pages=2
Thread 40, base=0x75dc0536d000 page_size=4096 num_pages=2
Thread 41, base=0x75dc0536b000 page_size=4096 num_pages=2
Thread 42, base=0x75dc05369000 page_size=4096 num_pages=2
Thread 43, base=0x75dc05367000 page_size=4096 num_pages=2
Thread 44, base=0x75dc05365000 page_size=4096 num_pages=2
Thread 45, base=0x75dc05363000 page_size=4096 num_pages=2
Thread 46, base=0x75dc05361000 page_size=4096 num_pages=2
Thread 47, base=0x75dc0535f000 page_size=4096 num_pages=2
Thread 48, base=0x75dc0535d000 page_size=4096 num_pages=2
Thread 49, base=0x75dc0535b000 page_size=4096 num_pages=2
Thread 50, base=0x75dc05359000 page_size=4096 num_pages=2
Thread 51, base=0x75dc05357000 page_size=4096 num_pages=2
Thread 52, base=0x75dc05355000 page_size=4096 num_pages=2
Thread 53, base=0x75dc05353000 page_size=4096 num_pages=2
Thread 54, base=0x75dc05351000 page_size=4096 num_pages=2
Thread 55, base=0x75dc0534f000 page_size=4096 num_pages=2
Thread 56, base=0x75dc0534d000 page_size=4096 num_pages=2
Thread 57, base=0x75dc0534b000 page_size=4096 num_pages=2
Thread 58, base=0x75dc05349000 page_size=4096 num_pages=2
Thread 59, base=0x75dc05347000 page_size=4096 num_pages=2
Thread 60, base=0x75dc05345000 page_size=4096 num_pages=2
Thread 61, base=0x75dc05343000 page_size=4096 num_pages=2
Thread 62, base=0x75dc05341000 page_size=4096 num_pages=2
Thread 63, base=0x75dc0533f000 page_size=4096 num_pages=2
Thread 0: Waiting for haltcode file /tmp/haltcode to continue...
Thread 39: Waiting for haltcode file /tmp/haltcode to continue...
Thread 31: Waiting for haltcode file /tmp/haltcode to continue...
Thread 52: Waiting for haltcode file /tmp/haltcode to continue...
Thread 58: Waiting for haltcode file /tmp/haltcode to continue...
Thread 34: Waiting for haltcode file /tmp/haltcode to continue...
Thread 56: Waiting for haltcode file /tmp/haltcode to continue...
Thread 47: Waiting for haltcode file /tmp/haltcode to continue...
Thread 51: Waiting for haltcode file /tmp/haltcode to continue...
Thread 40: Waiting for haltcode file /tmp/haltcode to continue...
Thread 62: Waiting for haltcode file /tmp/haltcode to continue...
Thread 57: Waiting for haltcode file /tmp/haltcode to continue...
Thread 32: Waiting for haltcode file /tmp/haltcode to continue...
Thread 49: Waiting for haltcode file /tmp/haltcode to continue...
Thread 46: Waiting for haltcode file /tmp/haltcode to continue...
Thread 50: Waiting for haltcode file /tmp/haltcode to continue...
Thread 61: Waiting for haltcode file /tmp/haltcode to continue...
Thread 55: Waiting for haltcode file /tmp/haltcode to continue...
Thread 60: Waiting for haltcode file /tmp/haltcode to continue...
Thread 44: Waiting for haltcode file /tmp/haltcode to continue...
Thread 45: Waiting for haltcode file /tmp/haltcode to continue...
Thread 63: Waiting for haltcode file /tmp/haltcode to continue...
Thread 59: Waiting for haltcode file /tmp/haltcode to continue...
Thread 53: Waiting for haltcode file /tmp/haltcode to continue...
Thread 41: Waiting for haltcode file /tmp/haltcode to continue...
Thread 54: Waiting for haltcode file /tmp/haltcode to continue...
Thread 43: Waiting for haltcode file /tmp/haltcode to continue...
Thread 42: Waiting for haltcode file /tmp/haltcode to continue...
Thread 48: Waiting for haltcode file /tmp/haltcode to continue...
Thread 36: Waiting for haltcode file /tmp/haltcode to continue...
Thread 35: Waiting for haltcode file /tmp/haltcode to continue...
Thread 37: Waiting for haltcode file /tmp/haltcode to continue...
Thread 33: Waiting for haltcode file /tmp/haltcode to continue...
Thread 38: Waiting for haltcode file /tmp/haltcode to continue...
✅ Dump completed. Backing up images...
🚚 Transferring app and images to dsm_client...
✅ Transfer complete dsm_client
🚚 Transferring app and images to dsm_client2...
✅ Transfer complete dsm_client2
[2025-11-29 17:53:09] Dump time: 10.119909279
10.119909279,[2025-11-29 17:53:09] === Phase 2: distribution of backup ===
[2025-11-29 17:53:09] -> Copy to dsm_client
[2025-11-29 17:53:10] -> Copy to dsm_client2
[2025-11-29 17:53:11] Distribution time: 1.338257381
1.338257381,[2025-11-29 17:53:18] === Rewrite snapshots ===
[2025-11-29 17:53:18] Server: filter 0-19
Selected threads (indices 0-19): [3135239, 3135241, 3135242, 3135243, 3135244, 3135245, 3135246, 3135247, 3135248, 3135249, 3135250, 3135251, 3135252, 3135253, 3135254, 3135255, 3135256, 3135257, 3135258, 3135259]
Old main PID: 3135239
New main PID: 3135239
✅ Injected TC from 3135239 into 3135239
✅ Updated pstree.img with new main PID and filtered threads
Renamed mm-3135239.img -> mm-3135239.img
Renamed ids-3135239.img -> ids-3135239.img
Renamed fs-3135239.img -> fs-3135239.img
Renamed pagemap-3135239.img -> pagemap-3135239.img
Removed unused core-3135260.img
Removed unused core-3135261.img
Removed unused core-3135262.img
Removed unused core-3135263.img
Removed unused core-3135264.img
Removed unused core-3135265.img
Removed unused core-3135266.img
Removed unused core-3135267.img
Removed unused core-3135268.img
Removed unused core-3135269.img
Removed unused core-3135270.img
Removed unused core-3135271.img
Removed unused core-3135272.img
Removed unused core-3135273.img
Removed unused core-3135274.img
Removed unused core-3135275.img
Removed unused core-3135276.img
Removed unused core-3135277.img
Removed unused core-3135278.img
Removed unused core-3135279.img
Removed unused core-3135280.img
Removed unused core-3135281.img
Removed unused core-3135282.img
Removed unused core-3135283.img
Removed unused core-3135284.img
Removed unused core-3135285.img
Removed unused core-3135286.img
Removed unused core-3135287.img
Removed unused core-3135288.img
Removed unused core-3135289.img
Removed unused core-3135290.img
Removed unused core-3135291.img
Removed unused core-3135292.img
Removed unused core-3135293.img
Removed unused core-3135294.img
Removed unused core-3135295.img
Removed unused core-3135296.img
Removed unused core-3135297.img
Removed unused core-3135298.img
Removed unused core-3135299.img
Removed unused core-3135300.img
Removed unused core-3135301.img
Removed unused core-3135302.img
Removed unused core-3135303.img

✅ Done.
   - New main: 3135239 (core-3135239.img)
   - Threads kept: [3135239, 3135241, 3135242, 3135243, 3135244, 3135245, 3135246, 3135247, 3135248, 3135249, 3135250, 3135251, 3135252, 3135253, 3135254, 3135255, 3135256, 3135257, 3135258, 3135259]
   - Renamed PID-dependent files
   - Injected TC from old main into new main
[2025-11-29 17:53:18] Client 1 (dsm_client): filter 20-63
Selected threads (indices 20-63): [3135260, 3135261, 3135262, 3135263, 3135264, 3135265, 3135266, 3135267, 3135268, 3135269, 3135270, 3135271, 3135272, 3135273, 3135274, 3135275, 3135276, 3135277, 3135278, 3135279, 3135280, 3135281, 3135282, 3135283, 3135284, 3135285, 3135286, 3135287, 3135288, 3135289, 3135290, 3135291, 3135292, 3135293, 3135294, 3135295, 3135296, 3135297, 3135298, 3135299, 3135300, 3135301, 3135302, 3135303]
Old main PID: 3135239
New main PID: 3135260
✅ Injected TC from 3135239 into 3135260
✅ Updated pstree.img with new main PID and filtered threads
Renamed mm-3135239.img -> mm-3135260.img
Renamed ids-3135239.img -> ids-3135260.img
Renamed fs-3135239.img -> fs-3135260.img
Renamed pagemap-3135239.img -> pagemap-3135260.img
Removed unused core-3135239.img
Removed unused core-3135241.img
Removed unused core-3135242.img
Removed unused core-3135243.img
Removed unused core-3135244.img
Removed unused core-3135245.img
Removed unused core-3135246.img
Removed unused core-3135247.img
Removed unused core-3135248.img
Removed unused core-3135249.img
Removed unused core-3135250.img
Removed unused core-3135251.img
Removed unused core-3135252.img
Removed unused core-3135253.img
Removed unused core-3135254.img
Removed unused core-3135255.img
Removed unused core-3135256.img
Removed unused core-3135257.img
Removed unused core-3135258.img
Removed unused core-3135259.img

✅ Done.
   - New main: 3135260 (core-3135239.img)
   - Threads kept: [3135260, 3135261, 3135262, 3135263, 3135264, 3135265, 3135266, 3135267, 3135268, 3135269, 3135270, 3135271, 3135272, 3135273, 3135274, 3135275, 3135276, 3135277, 3135278, 3135279, 3135280, 3135281, 3135282, 3135283, 3135284, 3135285, 3135286, 3135287, 3135288, 3135289, 3135290, 3135291, 3135292, 3135293, 3135294, 3135295, 3135296, 3135297, 3135298, 3135299, 3135300, 3135301, 3135302, 3135303]
   - Renamed PID-dependent files
   - Injected TC from old main into new main
[2025-11-29 17:53:18] Rewrite time: .450924913
.450924913,[2025-11-29 17:53:18] === Restore for config 'split20_rdma' (clients=1, proto=rdma) ===,
